{"stats":{"minecraft:used":{"minecraft:wooden_axe":15,"minecraft:apple":2,"minecraft:stone_pickaxe":18,"minecraft:bread":3,"minecraft:wooden_pickaxe":27,"minecraft:stone_axe":39,"minecraft:dirt":2,"minecraft:crafting_table":6,"minecraft:oak_boat":3,"minecraft:potato":17,"minecraft:wheat_seeds":30},"minecraft:mined":{"minecraft:hay_block":1,"minecraft:seagrass":2,"minecraft:tall_seagrass":3,"minecraft:acacia_leaves":8,"minecraft:brown_mushroom":4,"minecraft:iron_ore":6,"minecraft:wheat":30,"minecraft:crafting_table":6,"minecraft:acacia_log":17,"minecraft:grass":21,"minecraft:grass_block":3,"minecraft:oak_log":10,"minecraft:coal_ore":6,"minecraft:dead_bush":2,"minecraft:dirt":1,"minecraft:tall_grass":7,"minecraft:copper_ore":2,"minecraft:stone":27},"minecraft:dropped":{"minecraft:potato":1},"minecraft:picked_up":{"minecraft:wheat":30,"minecraft:raw_iron":6,"minecraft:stick":5,"minecraft:crafting_table":6,"minecraft:brown_mushroom":3,"minecraft:acacia_log":16,"minecraft:potato":1,"minecraft:oak_log":10,"minecraft:string":2,"minecraft:dirt":6,"minecraft:raw_copper":7,"minecraft:rotten_flesh":2,"minecraft:kelp":8,"minecraft:wheat_seeds":81,"minecraft:hay_block":1,"minecraft:oak_boat":2,"minecraft:coal":6,"minecraft:cobblestone":27},"minecraft:crafted":{"minecraft:oak_boat":1,"minecraft:oak_planks":40,"minecraft:crafting_table":1,"minecraft:stick":8,"minecraft:wooden_pickaxe":1,"minecraft:stone_pickaxe":1,"minecraft:wooden_axe":1,"minecraft:bowl":4,"minecraft:stone_axe":1,"minecraft:bread":3,"minecraft:wheat":9},"minecraft:custom":{"minecraft:interact_with_smithing_table":1,"minecraft:time_since_rest":18311,"minecraft:sprint_one_cm":156160,"minecraft:damage_taken":196,"minecraft:walk_one_cm":199754,"minecraft:drop":1,"minecraft:damage_dealt":109,"minecraft:swim_one_cm":17128,"minecraft:interact_with_crafting_table":6,"minecraft:talked_to_villager":1,"minecraft:fly_one_cm":66293,"minecraft:open_chest":6,"minecraft:crouch_one_cm":478,"minecraft:play_time":52063,"minecraft:sneak_time":359,"minecraft:walk_under_water_one_cm":3213,"minecraft:boat_one_cm":219721,"minecraft:jump":433,"minecraft:leave_game":2,"minecraft:time_since_death":52063,"minecraft:walk_on_water_one_cm":7813,"minecraft:sleep_in_bed":2,"minecraft:total_world_time":52063,"minecraft:climb_one_cm":2113,"minecraft:fall_one_cm":9434}},"DataVersion":3465}