{"stats":{"minecraft:picked_up":{"minecraft:crafting_table":6,"minecraft:wheat":64,"minecraft:jungle_boat":2,"minecraft:jungle_log":15,"minecraft:brown_mushroom":41,"minecraft:red_mushroom":45,"minecraft:dirt":16,"minecraft:cooked_mutton":1,"minecraft:item_frame":4,"minecraft:experience_bottle":1,"minecraft:wheat_seeds":201,"minecraft:iron_ingot":1,"minecraft:calcite":2,"minecraft:azalea":1,"minecraft:bamboo":11,"minecraft:acacia_sapling":1,"minecraft:book":1,"minecraft:scaffolding":3,"minecraft:stick":1,"minecraft:raw_iron":6,"minecraft:stone":1,"minecraft:acacia_log":12,"minecraft:brown_carpet":2,"minecraft:bone_meal":1,"minecraft:gold_ingot":3,"minecraft:melon_seeds":1,"minecraft:coal":9,"minecraft:cobblestone":41},"minecraft:used":{"minecraft:calcite":2,"minecraft:azalea":1,"minecraft:wheat_seeds":92,"minecraft:cooked_mutton":1,"minecraft:stone_pickaxe":40,"minecraft:wooden_pickaxe":20,"minecraft:wooden_shovel":6,"minecraft:jungle_boat":2,"minecraft:dirt":13,"minecraft:crafting_table":5,"minecraft:mushroom_stew":4,"minecraft:wooden_axe":121,"minecraft:jungle_log":1,"minecraft:bamboo":1,"minecraft:stone_axe":18,"minecraft:acacia_planks":9,"minecraft:experience_bottle":1},"minecraft:custom":{"minecraft:mob_kills":1,"minecraft:interact_with_crafting_table":10,"minecraft:bell_ring":1,"minecraft:leave_game":1,"minecraft:time_since_death":52057,"minecraft:sleep_in_bed":3,"minecraft:climb_one_cm":1547,"minecraft:time_since_rest":839,"minecraft:sprint_one_cm":174106,"minecraft:damage_taken":170,"minecraft:walk_one_cm":158389,"minecraft:drop":2,"minecraft:damage_dealt":19,"minecraft:swim_one_cm":6371,"minecraft:fly_one_cm":52063,"minecraft:open_chest":7,"minecraft:crouch_one_cm":286,"minecraft:play_time":52057,"minecraft:sneak_time":156,"minecraft:walk_under_water_one_cm":6398,"minecraft:boat_one_cm":479287,"minecraft:jump":518,"minecraft:walk_on_water_one_cm":10582,"minecraft:total_world_time":52057,"minecraft:fall_one_cm":9253},"minecraft:killed":{"minecraft:zombie":1},"minecraft:mined":{"minecraft:scaffolding":3,"minecraft:brown_mushroom":45,"minecraft:jungle_leaves":6,"minecraft:crafting_table":6,"minecraft:calcite":2,"minecraft:acacia_log":12,"minecraft:grass_block":3,"minecraft:jungle_log":17,"minecraft:mushroom_stem":16,"minecraft:tall_grass":4,"minecraft:red_mushroom":53,"minecraft:iron_ore":6,"minecraft:wheat":76,"minecraft:grass":51,"minecraft:coal_ore":9,"minecraft:mycelium":2,"minecraft:vine":3,"minecraft:dirt":13,"minecraft:bamboo":1,"minecraft:stone":42,"minecraft:oak_leaves":1,"minecraft:fern":14},"minecraft:dropped":{"minecraft:stone":1,"minecraft:acacia_sapling":1},"minecraft:crafted":{"minecraft:wooden_shovel":1,"minecraft:crafting_table":1,"minecraft:jungle_boat":1,"minecraft:wooden_pickaxe":1,"minecraft:bowl":4,"minecraft:mushroom_stew":4,"minecraft:stone_axe":1,"minecraft:bread":16,"minecraft:jungle_planks":56,"minecraft:stick":12,"minecraft:stone_pickaxe":1,"minecraft:wooden_axe":1,"minecraft:acacia_planks":48}},"DataVersion":3465}