{"stats":{"minecraft:killed":{"minecraft:spider":1,"minecraft:cod":1,"minecraft:skeleton":10,"minecraft:drowned":1,"minecraft:turtle":2,"minecraft:tropical_fish":1,"minecraft:creeper":1,"minecraft:pillager":7,"minecraft:zombie":15},"minecraft:used":{"minecraft:tropical_fish":1,"minecraft:stone_shovel":121,"minecraft:chest":1,"minecraft:shield":28,"minecraft:iron_sword":190,"minecraft:iron_chestplate":1,"minecraft:torch":23,"minecraft:dirt":31,"minecraft:wooden_axe":15,"minecraft:iron_helmet":1,"minecraft:iron_boots":1,"minecraft:oak_sapling":4,"minecraft:furnace":3,"minecraft:egg":2,"minecraft:potato":36,"minecraft:acacia_planks":1,"minecraft:iron_leggings":1,"minecraft:wheat_seeds":30,"minecraft:cooked_mutton":2,"minecraft:acacia_boat":2,"minecraft:stone_pickaxe":195,"minecraft:wooden_pickaxe":27,"minecraft:sand":1,"minecraft:crafting_table":13,"minecraft:mushroom_stew":5,"minecraft:apple":4,"minecraft:melon_slice":6,"minecraft:bread":32,"minecraft:iron_pickaxe":1,"minecraft:stone_axe":54,"minecraft:fishing_rod":6,"minecraft:cobblestone":34,"minecraft:dark_oak_fence":1,"minecraft:bucket":1,"minecraft:yellow_bed":18,"minecraft:oak_boat":12},"minecraft:mined":{"minecraft:mossy_cobblestone":1,"minecraft:cave_vines_plant":2,"minecraft:dark_oak_fence":6,"minecraft:acacia_log":17,"minecraft:allium":1,"minecraft:grass_block":47,"minecraft:red_mushroom":6,"minecraft:hay_block":6,"minecraft:tall_seagrass":3,"minecraft:iron_ore":72,"minecraft:fire":3,"minecraft:andesite":4,"minecraft:gold_block":1,"minecraft:azalea":1,"minecraft:bamboo":13,"minecraft:stone":93,"minecraft:tripwire":2,"minecraft:flowering_azalea":1,"minecraft:acacia_leaves":8,"minecraft:brown_mushroom":7,"minecraft:clay":3,"minecraft:crafting_table":9,"minecraft:torch":8,"minecraft:melon":3,"minecraft:dead_bush":3,"minecraft:tall_grass":12,"minecraft:copper_ore":10,"minecraft:cobblestone":3,"minecraft:sugar_cane":1,"minecraft:diorite":4,"minecraft:wall_torch":8,"minecraft:seagrass":2,"minecraft:wheat":45,"minecraft:yellow_bed":16,"minecraft:grass":61,"minecraft:oak_log":10,"minecraft:coal_ore":19,"minecraft:sand":21,"minecraft:dirt":54,"minecraft:acacia_planks":1,"minecraft:tripwire_hook":2,"minecraft:oak_leaves":9},"minecraft:picked_up":{"minecraft:seagrass":1,"minecraft:crafting_table":12,"minecraft:wheat":45,"minecraft:brown_mushroom":12,"minecraft:gold_block":1,"minecraft:shield":2,"minecraft:string":9,"minecraft:raw_copper":158,"minecraft:cooked_salmon":2,"minecraft:flint_and_steel":2,"minecraft:gold_nugget":10,"minecraft:spruce_planks":1,"minecraft:beef":3,"minecraft:oak_boat":10,"minecraft:iron_pickaxe":1,"minecraft:melon_slice":14,"minecraft:sugar_cane":3,"minecraft:furnace":2,"minecraft:egg":9,"minecraft:stick":7,"minecraft:raw_iron":78,"minecraft:acacia_log":16,"minecraft:torch":57,"minecraft:bowl":5,"minecraft:fire_charge":4,"minecraft:diorite":8,"minecraft:prismarine_crystals":8,"minecraft:arrow":12,"minecraft:rotten_flesh":20,"minecraft:stone_shovel":3,"minecraft:tropical_fish":1,"minecraft:beetroot_seeds":4,"minecraft:hay_block":6,"minecraft:gold_ingot":15,"minecraft:cod":1,"minecraft:cobblestone":115,"minecraft:white_wool":2,"minecraft:tripwire_hook":1,"minecraft:water_bucket":1,"minecraft:andesite":10,"minecraft:golden_leggings":3,"minecraft:red_mushroom":7,"minecraft:potato":1,"minecraft:filled_map":1,"minecraft:lily_pad":23,"minecraft:oak_log":10,"minecraft:golden_boots":1,"minecraft:yellow_bed":21,"minecraft:acacia_boat":1,"minecraft:dirt":56,"minecraft:bone":12,"minecraft:acacia_planks":65,"minecraft:kelp":19,"minecraft:wheat_seeds":123,"minecraft:heart_of_the_sea":2,"minecraft:stone_pickaxe":6,"minecraft:bamboo":72,"minecraft:iron_sword":4,"minecraft:oak_planks":99,"minecraft:book":1,"minecraft:gravel":2,"minecraft:sand":28,"minecraft:ink_sac":2,"minecraft:white_bed":1,"minecraft:diamond":3,"minecraft:stone_axe":1,"minecraft:golden_apple":2,"minecraft:emerald":22,"minecraft:bread":10,"minecraft:oak_sapling":16,"minecraft:melon_seeds":1,"minecraft:dark_oak_fence":12,"minecraft:coal":37,"minecraft:diamond_pickaxe":2},"minecraft:dropped":{"minecraft:water_bucket":2,"minecraft:iron_sword":1,"minecraft:brown_mushroom":3,"minecraft:wheat_seeds":92,"minecraft:diamond":3,"minecraft:crafting_table":2,"minecraft:cobblestone":25,"minecraft:apple":7,"minecraft:emerald":12,"minecraft:dirt":19,"minecraft:diorite":5,"minecraft:dark_oak_fence":11,"minecraft:ink_sac":2,"minecraft:torch":10,"minecraft:wooden_axe":1,"minecraft:melon_slice":2,"minecraft:seagrass":1,"minecraft:sand":21,"minecraft:iron_pickaxe":1,"minecraft:string":4,"minecraft:lily_pad":23,"minecraft:gravel":1,"minecraft:stone_axe":1,"minecraft:kelp":19,"minecraft:sugar_cane":3,"minecraft:raw_copper":5,"minecraft:bowl":1,"minecraft:wheat":4,"minecraft:stone_shovel":2,"minecraft:rotten_flesh":15,"minecraft:white_bed":1,"minecraft:filled_map":1,"minecraft:potato":7,"minecraft:shield":2,"minecraft:diamond_pickaxe":1,"minecraft:beetroot_seeds":4,"minecraft:melon_seeds":6,"minecraft:oak_sapling":1,"minecraft:golden_leggings":1,"minecraft:bamboo":7,"minecraft:wooden_pickaxe":1,"minecraft:stone_pickaxe":2,"minecraft:egg":4},"minecraft:crafted":{"minecraft:oak_planks":40,"minecraft:stone_shovel":2,"minecraft:furnace":1,"minecraft:mushroom_stew":5,"minecraft:raw_copper_block":9,"minecraft:cooked_mutton":2,"minecraft:iron_boots":1,"minecraft:melon_seeds":6,"minecraft:stone_pickaxe":1,"minecraft:chest":1,"minecraft:wheat":54,"minecraft:crafting_table":5,"minecraft:iron_helmet":1,"minecraft:wooden_pickaxe":1,"minecraft:bowl":4,"minecraft:bucket":1,"minecraft:stone_axe":1,"minecraft:acacia_boat":2,"minecraft:bread":20,"minecraft:air":0,"minecraft:oak_boat":2,"minecraft:iron_chestplate":1,"minecraft:shield":2,"minecraft:stick":16,"minecraft:iron_ingot":46,"minecraft:iron_pickaxe":2,"minecraft:wooden_axe":1,"minecraft:iron_leggings":1,"minecraft:acacia_planks":64,"minecraft:torch":4},"minecraft:killed_by":{"minecraft:player":1},"minecraft:custom":{"minecraft:interact_with_smithing_table":1,"minecraft:mob_kills":40,"minecraft:interact_with_crafting_table":40,"minecraft:bell_ring":14,"minecraft:leave_game":3,"minecraft:time_since_death":115181,"minecraft:climb_one_cm":5326,"minecraft:sprint_one_cm":862482,"minecraft:walk_one_cm":659896,"minecraft:damage_blocked_by_shield":885,"minecraft:drop":126,"minecraft:talked_to_villager":1,"minecraft:play_time":237414,"minecraft:deaths":1,"minecraft:sneak_time":2892,"minecraft:walk_under_water_one_cm":44350,"minecraft:boat_one_cm":1463646,"minecraft:jump":2920,"minecraft:walk_on_water_one_cm":64921,"minecraft:total_world_time":237414,"minecraft:interact_with_furnace":36,"minecraft:sleep_in_bed":25,"minecraft:time_since_rest":6394,"minecraft:damage_taken":1516,"minecraft:damage_dealt":7382,"minecraft:swim_one_cm":146370,"minecraft:fly_one_cm":457554,"minecraft:open_chest":32,"minecraft:crouch_one_cm":7453,"minecraft:fall_one_cm":63089}},"DataVersion":3465}