{"stats":{"minecraft:picked_up":{"minecraft:crafting_table":8,"minecraft:wheat":64,"minecraft:jungle_boat":3,"minecraft:jungle_log":15,"minecraft:leather":4,"minecraft:brown_mushroom":75,"minecraft:red_mushroom":83,"minecraft:filled_map":1,"minecraft:oak_log":5,"minecraft:lapis_lazuli":20,"minecraft:dirt":56,"minecraft:item_frame":4,"minecraft:cooked_mutton":1,"minecraft:glass":15,"minecraft:experience_bottle":1,"minecraft:wheat_seeds":264,"minecraft:iron_ingot":1,"minecraft:beef":6,"minecraft:calcite":2,"minecraft:azalea":1,"minecraft:bamboo":11,"minecraft:sugar_cane":14,"minecraft:chest":1,"minecraft:acacia_sapling":1,"minecraft:book":1,"minecraft:scaffolding":3,"minecraft:stick":1,"minecraft:raw_iron":30,"minecraft:sandstone":3,"minecraft:stone":1,"minecraft:torch":6,"minecraft:acacia_log":12,"minecraft:gravel":4,"minecraft:sand":94,"minecraft:brown_carpet":2,"travelersbackpack:white_sleeping_bag":2,"minecraft:tropical_fish":1,"minecraft:bone_meal":2,"minecraft:gold_ingot":3,"minecraft:melon_seeds":1,"minecraft:coal":28,"minecraft:cobblestone":67},"minecraft:used":{"minecraft:azalea":1,"minecraft:calcite":2,"minecraft:wheat_seeds":92,"minecraft:cooked_mutton":1,"minecraft:iron_shovel":137,"minecraft:stone_pickaxe":121,"minecraft:wooden_pickaxe":23,"minecraft:iron_sword":20,"minecraft:wooden_shovel":14,"minecraft:jungle_boat":3,"minecraft:torch":12,"minecraft:dirt":53,"minecraft:sand":77,"minecraft:crafting_table":6,"minecraft:mushroom_stew":10,"minecraft:wooden_axe":124,"minecraft:bread":4,"minecraft:jungle_log":1,"travelersbackpack:white_sleeping_bag":2,"minecraft:golden_leggings":1,"minecraft:bamboo":1,"minecraft:stone_axe":23,"minecraft:cobblestone":12,"travelersbackpack:standard":3,"minecraft:bucket":3,"minecraft:acacia_planks":9,"minecraft:experience_bottle":1},"minecraft:custom":{"minecraft:interact_with_smithing_table":1,"minecraft:mob_kills":6,"minecraft:interact_with_crafting_table":23,"minecraft:open_barrel":2,"minecraft:bell_ring":1,"minecraft:leave_game":3,"minecraft:time_since_death":103314,"minecraft:sleep_in_bed":6,"minecraft:climb_one_cm":1547,"minecraft:time_since_rest":11200,"minecraft:sprint_one_cm":404078,"minecraft:damage_taken":449,"minecraft:walk_one_cm":281079,"minecraft:drop":24,"minecraft:damage_dealt":644,"minecraft:swim_one_cm":66493,"minecraft:talked_to_villager":53,"minecraft:fly_one_cm":127232,"minecraft:open_chest":27,"minecraft:crouch_one_cm":5995,"minecraft:play_time":103314,"minecraft:sneak_time":2186,"minecraft:walk_under_water_one_cm":28920,"minecraft:boat_one_cm":579120,"minecraft:jump":1151,"minecraft:walk_on_water_one_cm":25818,"minecraft:total_world_time":103314,"minecraft:fall_one_cm":19763,"minecraft:inspect_dispenser":1,"minecraft:horse_one_cm":3396},"minecraft:killed":{"minecraft:zombie":1,"minecraft:tropical_fish":1,"minecraft:cow":4},"minecraft:mined":{"minecraft:scaffolding":3,"minecraft:brown_mushroom":45,"minecraft:jungle_leaves":6,"minecraft:crafting_table":7,"minecraft:torch":2,"minecraft:acacia_log":12,"minecraft:grass_block":20,"minecraft:calcite":2,"minecraft:chest":1,"minecraft:jungle_log":17,"minecraft:mushroom_stem":16,"minecraft:copper_ore":1,"minecraft:tall_grass":5,"travelersbackpack:white_sleeping_bag":2,"minecraft:lapis_ore":3,"minecraft:red_mushroom":53,"minecraft:sandstone":3,"minecraft:wall_torch":3,"minecraft:iron_ore":29,"minecraft:wheat":76,"minecraft:grass":64,"minecraft:oak_log":6,"minecraft:coal_ore":28,"minecraft:mycelium":2,"minecraft:deepslate_iron_ore":2,"minecraft:vine":3,"minecraft:sand":102,"minecraft:dirt":37,"minecraft:bamboo":1,"minecraft:raw_copper_block":1,"minecraft:stone":68,"minecraft:oak_leaves":1,"minecraft:fern":14},"minecraft:dropped":{"minecraft:gravel":4,"minecraft:wheat_seeds":136,"minecraft:cobblestone":8,"minecraft:cod":3,"minecraft:item_frame":4,"minecraft:filled_map":1,"minecraft:dirt":3,"minecraft:stone":1,"minecraft:wooden_axe":1,"minecraft:melon_seeds":1,"minecraft:acacia_sapling":1,"minecraft:wooden_shovel":1,"minecraft:brown_carpet":2,"minecraft:bone_meal":1,"minecraft:sandstone":3,"minecraft:wooden_pickaxe":1,"minecraft:white_wool":14},"minecraft:crafted":{"minecraft:oak_planks":20,"minecraft:wooden_shovel":1,"minecraft:tripwire_hook":2,"minecraft:crafting_table":2,"minecraft:jungle_boat":1,"travelersbackpack:backpack_tank":2,"minecraft:wooden_pickaxe":1,"travelersbackpack:standard":1,"minecraft:iron_sword":1,"minecraft:bowl":4,"minecraft:mushroom_stew":10,"minecraft:stone_axe":1,"minecraft:bread":23,"minecraft:jungle_planks":56,"travelersbackpack:white_sleeping_bag":1,"minecraft:stick":16,"minecraft:stone_pickaxe":1,"minecraft:wooden_axe":1,"minecraft:acacia_planks":48,"minecraft:torch":8,"minecraft:trapped_chest":1}},"DataVersion":3465}