{"stats":{"minecraft:used":{"minecraft:wooden_axe":15,"minecraft:bread":3,"minecraft:stone_pickaxe":16,"minecraft:wooden_pickaxe":25,"minecraft:stone_axe":1,"minecraft:dirt":1,"minecraft:crafting_table":4},"minecraft:mined":{"minecraft:hay_block":1,"minecraft:seagrass":2,"minecraft:tall_seagrass":3,"minecraft:brown_mushroom":4,"minecraft:iron_ore":6,"minecraft:crafting_table":4,"minecraft:grass":16,"minecraft:coal_ore":6,"minecraft:grass_block":3,"minecraft:oak_log":5,"minecraft:dead_bush":2,"minecraft:dirt":1,"minecraft:copper_ore":1,"minecraft:tall_grass":7,"minecraft:stone":27},"minecraft:picked_up":{"minecraft:raw_iron":6,"minecraft:stick":3,"minecraft:crafting_table":4,"minecraft:brown_mushroom":3,"minecraft:oak_log":5,"minecraft:dirt":6,"minecraft:raw_copper":3,"minecraft:wheat_seeds":2,"minecraft:hay_block":1,"minecraft:coal":6,"minecraft:cobblestone":27},"minecraft:crafted":{"minecraft:oak_planks":20,"minecraft:crafting_table":1,"minecraft:stick":8,"minecraft:wooden_pickaxe":1,"minecraft:stone_pickaxe":1,"minecraft:wooden_axe":1,"minecraft:bowl":4,"minecraft:stone_axe":1,"minecraft:bread":3,"minecraft:wheat":9},"minecraft:custom":{"minecraft:time_since_rest":7874,"minecraft:sprint_one_cm":57066,"minecraft:damage_taken":171,"minecraft:walk_one_cm":134134,"minecraft:damage_dealt":109,"minecraft:interact_with_crafting_table":4,"minecraft:swim_one_cm":9386,"minecraft:talked_to_villager":1,"minecraft:fly_one_cm":23527,"minecraft:open_chest":2,"minecraft:crouch_one_cm":478,"minecraft:play_time":28500,"minecraft:sneak_time":340,"minecraft:walk_under_water_one_cm":447,"minecraft:jump":229,"minecraft:leave_game":1,"minecraft:time_since_death":28500,"minecraft:walk_on_water_one_cm":5346,"minecraft:sleep_in_bed":1,"minecraft:total_world_time":28500,"minecraft:climb_one_cm":2113,"minecraft:fall_one_cm":2686}},"DataVersion":3465}