{"stats":{"minecraft:killed":{"minecraft:spider":1,"minecraft:cod":1,"minecraft:skeleton":10,"minecraft:turtle":2,"minecraft:tropical_fish":1,"minecraft:creeper":1,"minecraft:pillager":7,"minecraft:zombie":15},"minecraft:mined":{"minecraft:dark_oak_fence":6,"minecraft:acacia_log":17,"minecraft:allium":1,"minecraft:grass_block":26,"minecraft:red_mushroom":6,"minecraft:hay_block":6,"minecraft:tall_seagrass":3,"minecraft:iron_ore":59,"minecraft:fire":1,"minecraft:andesite":4,"minecraft:bamboo":4,"minecraft:stone":86,"minecraft:acacia_leaves":8,"minecraft:brown_mushroom":7,"minecraft:crafting_table":7,"minecraft:torch":8,"minecraft:dead_bush":3,"minecraft:tall_grass":12,"minecraft:copper_ore":10,"minecraft:cobblestone":2,"minecraft:sugar_cane":1,"minecraft:diorite":4,"minecraft:wall_torch":8,"minecraft:seagrass":2,"minecraft:wheat":45,"minecraft:yellow_bed":13,"minecraft:grass":60,"minecraft:oak_log":10,"minecraft:coal_ore":19,"minecraft:sand":20,"minecraft:dirt":38,"minecraft:oak_leaves":5},"minecraft:used":{"minecraft:tropical_fish":1,"minecraft:stone_shovel":78,"minecraft:chest":1,"minecraft:shield":28,"minecraft:iron_sword":182,"minecraft:iron_chestplate":1,"minecraft:torch":20,"minecraft:dirt":26,"minecraft:wooden_axe":15,"minecraft:iron_helmet":1,"minecraft:iron_boots":1,"minecraft:furnace":3,"minecraft:egg":2,"minecraft:potato":35,"minecraft:iron_leggings":1,"minecraft:wheat_seeds":30,"minecraft:cooked_mutton":2,"minecraft:stone_pickaxe":168,"minecraft:wooden_pickaxe":27,"minecraft:crafting_table":10,"minecraft:mushroom_stew":5,"minecraft:apple":4,"minecraft:bread":29,"minecraft:stone_axe":43,"minecraft:cobblestone":34,"minecraft:bucket":1,"minecraft:yellow_bed":15,"minecraft:oak_boat":12},"minecraft:picked_up":{"minecraft:seagrass":1,"minecraft:crafting_table":10,"minecraft:wheat":45,"minecraft:brown_mushroom":12,"minecraft:shield":2,"minecraft:string":6,"minecraft:raw_copper":158,"minecraft:cooked_salmon":2,"minecraft:flint_and_steel":2,"minecraft:gold_nugget":10,"minecraft:spruce_planks":1,"minecraft:beef":3,"minecraft:oak_boat":10,"minecraft:iron_pickaxe":1,"minecraft:sugar_cane":3,"minecraft:furnace":2,"minecraft:egg":9,"minecraft:stick":7,"minecraft:raw_iron":65,"minecraft:acacia_log":16,"minecraft:torch":57,"minecraft:bowl":5,"minecraft:fire_charge":4,"minecraft:diorite":8,"minecraft:prismarine_crystals":8,"minecraft:arrow":12,"minecraft:rotten_flesh":20,"minecraft:stone_shovel":3,"minecraft:tropical_fish":1,"minecraft:beetroot_seeds":4,"minecraft:hay_block":6,"minecraft:gold_ingot":15,"minecraft:cod":1,"minecraft:cobblestone":115,"minecraft:white_wool":2,"minecraft:water_bucket":1,"minecraft:andesite":10,"minecraft:golden_leggings":3,"minecraft:red_mushroom":7,"minecraft:potato":1,"minecraft:filled_map":1,"minecraft:lily_pad":23,"minecraft:oak_log":10,"minecraft:golden_boots":1,"minecraft:yellow_bed":18,"minecraft:dirt":50,"minecraft:bone":12,"minecraft:acacia_planks":64,"minecraft:kelp":19,"minecraft:wheat_seeds":123,"minecraft:heart_of_the_sea":2,"minecraft:stone_pickaxe":6,"minecraft:bamboo":16,"minecraft:iron_sword":4,"minecraft:oak_planks":99,"minecraft:book":1,"minecraft:gravel":2,"minecraft:sand":27,"minecraft:ink_sac":2,"minecraft:white_bed":1,"minecraft:diamond":3,"minecraft:stone_axe":1,"minecraft:golden_apple":2,"minecraft:emerald":22,"minecraft:bread":10,"minecraft:oak_sapling":10,"minecraft:dark_oak_fence":6,"minecraft:coal":37,"minecraft:diamond_pickaxe":2},"minecraft:dropped":{"minecraft:water_bucket":2,"minecraft:iron_sword":1,"minecraft:brown_mushroom":3,"minecraft:wheat_seeds":54,"minecraft:diamond":3,"minecraft:crafting_table":2,"minecraft:cobblestone":25,"minecraft:apple":7,"minecraft:emerald":12,"minecraft:dirt":18,"minecraft:diorite":5,"minecraft:ink_sac":2,"minecraft:torch":10,"minecraft:wooden_axe":1,"minecraft:seagrass":1,"minecraft:sand":21,"minecraft:iron_pickaxe":1,"minecraft:string":4,"minecraft:lily_pad":23,"minecraft:gravel":1,"minecraft:stone_axe":1,"minecraft:kelp":19,"minecraft:sugar_cane":3,"minecraft:bowl":1,"minecraft:wheat":4,"minecraft:stone_shovel":1,"minecraft:rotten_flesh":6,"minecraft:white_bed":1,"minecraft:filled_map":1,"minecraft:potato":7,"minecraft:shield":2,"minecraft:diamond_pickaxe":1,"minecraft:beetroot_seeds":4,"minecraft:golden_leggings":1,"minecraft:wooden_pickaxe":1,"minecraft:stone_pickaxe":2,"minecraft:egg":4},"minecraft:crafted":{"minecraft:oak_planks":40,"minecraft:stone_shovel":2,"minecraft:furnace":1,"minecraft:mushroom_stew":5,"minecraft:raw_copper_block":9,"minecraft:cooked_mutton":2,"minecraft:iron_boots":1,"minecraft:stone_pickaxe":1,"minecraft:chest":1,"minecraft:wheat":54,"minecraft:crafting_table":3,"minecraft:iron_helmet":1,"minecraft:wooden_pickaxe":1,"minecraft:bowl":4,"minecraft:bucket":1,"minecraft:stone_axe":1,"minecraft:bread":3,"minecraft:air":0,"minecraft:oak_boat":2,"minecraft:iron_chestplate":1,"minecraft:shield":2,"minecraft:stick":12,"minecraft:iron_ingot":46,"minecraft:iron_pickaxe":2,"minecraft:wooden_axe":1,"minecraft:iron_leggings":1,"minecraft:acacia_planks":64,"minecraft:torch":4},"minecraft:killed_by":{"minecraft:player":1},"minecraft:custom":{"minecraft:interact_with_smithing_table":1,"minecraft:mob_kills":39,"minecraft:interact_with_crafting_table":35,"minecraft:bell_ring":14,"minecraft:leave_game":3,"minecraft:time_since_death":79181,"minecraft:climb_one_cm":4761,"minecraft:sprint_one_cm":776861,"minecraft:walk_one_cm":574329,"minecraft:damage_blocked_by_shield":885,"minecraft:drop":101,"minecraft:talked_to_villager":1,"minecraft:play_time":201414,"minecraft:deaths":1,"minecraft:sneak_time":1351,"minecraft:walk_under_water_one_cm":29274,"minecraft:boat_one_cm":1234893,"minecraft:jump":2462,"minecraft:walk_on_water_one_cm":46499,"minecraft:total_world_time":201414,"minecraft:interact_with_furnace":36,"minecraft:sleep_in_bed":22,"minecraft:time_since_rest":10133,"minecraft:damage_taken":1486,"minecraft:damage_dealt":7183,"minecraft:swim_one_cm":98729,"minecraft:fly_one_cm":418525,"minecraft:open_chest":29,"minecraft:crouch_one_cm":2975,"minecraft:fall_one_cm":56687}},"DataVersion":3465}