{"stats":{"minecraft:mined":{"minecraft:tuff":5,"minecraft:mossy_cobblestone":1,"minecraft:sculk_vein":6,"minecraft:carved_pumpkin":1,"minecraft:cave_vines_plant":2,"minecraft:dark_oak_fence":6,"minecraft:granite":10,"minecraft:allium":1,"minecraft:acacia_log":17,"minecraft:grass_block":52,"minecraft:red_mushroom":6,"minecraft:hay_block":6,"minecraft:tall_seagrass":3,"minecraft:iron_ore":151,"minecraft:fire":12,"minecraft:andesite":9,"minecraft:gold_block":1,"minecraft:sculk_shrieker":1,"minecraft:pointed_dripstone":14,"minecraft:deepslate_iron_ore":21,"minecraft:rail":2,"minecraft:azalea":1,"minecraft:bamboo":13,"minecraft:stone":235,"minecraft:tripwire":2,"minecraft:deepslate_redstone_ore":2,"minecraft:brown_mushroom":7,"minecraft:flowering_azalea":1,"minecraft:acacia_leaves":8,"minecraft:amethyst_cluster":1,"minecraft:clay":3,"minecraft:crafting_table":9,"minecraft:torch":15,"minecraft:calcite":4,"minecraft:melon":3,"minecraft:chest":2,"minecraft:dead_bush":3,"minecraft:sculk_sensor":4,"minecraft:copper_ore":12,"minecraft:tall_grass":12,"minecraft:cobblestone":3,"minecraft:deepslate_gold_ore":1,"minecraft:lapis_ore":6,"minecraft:sugar_cane":1,"minecraft:sculk":45,"minecraft:wall_torch":12,"minecraft:diorite":23,"minecraft:amethyst_block":4,"minecraft:pink_petals":2,"minecraft:seagrass":2,"minecraft:wheat":45,"minecraft:yellow_bed":21,"minecraft:grass":61,"minecraft:coal_ore":83,"minecraft:oak_log":10,"minecraft:gravel":2,"minecraft:dirt":57,"minecraft:sand":21,"minecraft:dripstone_block":3,"minecraft:cobweb":6,"minecraft:smooth_basalt":7,"minecraft:tripwire_hook":2,"minecraft:acacia_planks":1,"minecraft:gold_ore":5,"minecraft:oak_leaves":9,"minecraft:deepslate":8},"minecraft:custom":{"minecraft:interact_with_smithing_table":1,"minecraft:mob_kills":52,"minecraft:interact_with_crafting_table":53,"minecraft:bell_ring":14,"minecraft:leave_game":10,"minecraft:time_since_death":241989,"minecraft:climb_one_cm":5326,"minecraft:sprint_one_cm":1210084,"minecraft:walk_one_cm":1073229,"minecraft:damage_blocked_by_shield":1240,"minecraft:drop":173,"minecraft:talked_to_villager":1,"minecraft:play_time":364222,"minecraft:sneak_time":11695,"minecraft:deaths":1,"minecraft:walk_under_water_one_cm":50863,"minecraft:boat_one_cm":1478467,"minecraft:jump":4475,"minecraft:walk_on_water_one_cm":74891,"minecraft:total_world_time":364222,"minecraft:interact_with_furnace":62,"minecraft:sleep_in_bed":32,"minecraft:time_since_rest":6980,"minecraft:damage_taken":2027,"minecraft:damage_dealt":9424,"minecraft:swim_one_cm":149381,"minecraft:fly_one_cm":555992,"minecraft:open_chest":69,"minecraft:crouch_one_cm":36051,"minecraft:fall_one_cm":84749},"minecraft:killed_by":{"minecraft:player":1},"minecraft:dropped":{"minecraft:water_bucket":2,"minecraft:iron_sword":1,"minecraft:brown_mushroom":3,"minecraft:wheat_seeds":92,"minecraft:glow_ink_sac":2,"minecraft:diamond":3,"minecraft:crafting_table":2,"minecraft:cobblestone":67,"minecraft:apple":7,"minecraft:emerald":12,"minecraft:stick":8,"minecraft:dirt":19,"minecraft:diorite":5,"minecraft:ink_sac":2,"minecraft:dark_oak_fence":11,"minecraft:torch":10,"minecraft:wooden_axe":1,"minecraft:melon_slice":2,"minecraft:seagrass":1,"minecraft:iron_leggings":1,"minecraft:sand":21,"minecraft:iron_pickaxe":1,"minecraft:string":4,"minecraft:tripwire_hook":1,"minecraft:lily_pad":23,"minecraft:gravel":1,"minecraft:stone_axe":1,"minecraft:kelp":19,"minecraft:sugar_cane":3,"minecraft:spyglass":1,"minecraft:raw_copper":5,"minecraft:bowl":1,"minecraft:wheat":4,"minecraft:pointed_dripstone":19,"minecraft:stone_shovel":2,"minecraft:rotten_flesh":15,"minecraft:white_bed":1,"minecraft:pumpkin_seeds":107,"minecraft:filled_map":1,"minecraft:potato":7,"minecraft:shield":2,"minecraft:diamond_pickaxe":1,"minecraft:beetroot_seeds":4,"minecraft:melon_seeds":6,"minecraft:golden_leggings":1,"minecraft:oak_sapling":1,"minecraft:bamboo":71,"minecraft:stone_pickaxe":2,"minecraft:wooden_pickaxe":1,"minecraft:egg":4},"minecraft:broken":{"minecraft:stone_pickaxe":2,"minecraft:iron_pickaxe":1,"minecraft:stone_shovel":1},"minecraft:killed":{"minecraft:cave_spider":1,"minecraft:spider":3,"minecraft:cod":1,"minecraft:skeleton":11,"minecraft:drowned":1,"minecraft:turtle":2,"minecraft:tropical_fish":1,"minecraft:creeper":1,"minecraft:pillager":7,"minecraft:zombie":23},"minecraft:picked_up":{"minecraft:seagrass":1,"minecraft:crafting_table":12,"minecraft:wheat":45,"minecraft:brown_mushroom":12,"minecraft:gold_block":1,"minecraft:shield":2,"minecraft:amethyst_block":12,"minecraft:string":19,"minecraft:raw_copper":158,"minecraft:cooked_salmon":2,"minecraft:flint_and_steel":2,"minecraft:gold_nugget":10,"minecraft:cobbled_deepslate":14,"minecraft:spruce_planks":1,"minecraft:beef":3,"minecraft:oak_boat":10,"minecraft:calcite":11,"minecraft:iron_pickaxe":2,"minecraft:melon_slice":14,"minecraft:sugar_cane":3,"minecraft:chest":2,"minecraft:furnace":2,"minecraft:egg":9,"minecraft:stick":7,"minecraft:raw_iron":177,"minecraft:torch":69,"minecraft:bowl":5,"minecraft:acacia_log":16,"minecraft:fire_charge":4,"minecraft:pointed_dripstone":19,"minecraft:diorite":16,"minecraft:redstone":8,"minecraft:prismarine_crystals":8,"minecraft:arrow":12,"minecraft:stone_shovel":3,"minecraft:rotten_flesh":30,"minecraft:tropical_fish":1,"minecraft:beetroot_seeds":4,"minecraft:hay_block":6,"minecraft:carved_pumpkin":1,"minecraft:gold_ingot":15,"minecraft:cod":1,"minecraft:rail":4,"minecraft:white_wool":2,"minecraft:cobblestone":277,"minecraft:glow_ink_sac":2,"minecraft:tripwire_hook":1,"minecraft:water_bucket":1,"minecraft:andesite":25,"minecraft:golden_leggings":3,"minecraft:red_mushroom":7,"minecraft:potato":1,"minecraft:filled_map":1,"minecraft:flint":1,"minecraft:tuff":6,"minecraft:oak_log":10,"minecraft:lily_pad":23,"minecraft:golden_boots":1,"minecraft:yellow_bed":26,"minecraft:acacia_boat":2,"minecraft:lapis_lazuli":41,"minecraft:dirt":56,"minecraft:bone":14,"minecraft:acacia_planks":65,"minecraft:kelp":19,"minecraft:wheat_seeds":123,"minecraft:raw_gold":6,"minecraft:heart_of_the_sea":2,"minecraft:stone_pickaxe":6,"minecraft:cooked_chicken":1,"minecraft:cobweb":6,"minecraft:bamboo":72,"minecraft:iron_sword":4,"minecraft:oak_planks":106,"minecraft:book":1,"minecraft:smooth_basalt":26,"minecraft:dripstone_block":3,"minecraft:gravel":3,"minecraft:sand":28,"minecraft:amethyst_shard":4,"minecraft:ink_sac":2,"minecraft:white_bed":1,"minecraft:spider_eye":2,"minecraft:pumpkin_seeds":90,"minecraft:diamond":3,"minecraft:stone_axe":1,"minecraft:granite":32,"minecraft:golden_apple":2,"minecraft:bread":14,"minecraft:emerald":22,"minecraft:oak_sapling":16,"minecraft:melon_seeds":1,"minecraft:dark_oak_fence":12,"minecraft:coal":100,"minecraft:diamond_pickaxe":2},"minecraft:used":{"minecraft:flint_and_steel":20,"minecraft:tropical_fish":1,"minecraft:stone_shovel":154,"minecraft:chest":9,"minecraft:shield":40,"minecraft:iron_sword":233,"minecraft:cooked_chicken":1,"minecraft:rotten_flesh":2,"minecraft:iron_chestplate":1,"minecraft:torch":60,"minecraft:dirt":34,"minecraft:spyglass":22,"minecraft:wooden_axe":15,"minecraft:iron_helmet":1,"minecraft:iron_boots":1,"minecraft:oak_sapling":4,"minecraft:furnace":3,"minecraft:egg":2,"minecraft:potato":36,"minecraft:cobbled_deepslate":14,"minecraft:acacia_planks":1,"minecraft:iron_leggings":1,"minecraft:wheat_seeds":30,"minecraft:cooked_mutton":2,"minecraft:diorite":8,"minecraft:acacia_boat":3,"minecraft:stone_pickaxe":348,"minecraft:wooden_pickaxe":27,"minecraft:sand":1,"minecraft:crafting_table":14,"minecraft:mushroom_stew":5,"minecraft:shears":6,"minecraft:dripstone_block":1,"minecraft:apple":4,"minecraft:bread":46,"minecraft:melon_slice":6,"minecraft:iron_pickaxe":258,"minecraft:gravel":1,"minecraft:stone_axe":56,"minecraft:fishing_rod":7,"minecraft:cobblestone":72,"minecraft:dark_oak_fence":1,"minecraft:andesite":1,"minecraft:bucket":1,"minecraft:yellow_bed":24,"minecraft:oak_boat":12,"minecraft:cobweb":1},"minecraft:crafted":{"minecraft:oak_planks":40,"minecraft:stone_shovel":2,"minecraft:spyglass":2,"minecraft:furnace":1,"minecraft:mushroom_stew":5,"minecraft:raw_copper_block":9,"minecraft:cooked_mutton":2,"minecraft:flint_and_steel":1,"minecraft:iron_boots":1,"minecraft:melon_seeds":6,"minecraft:stone_pickaxe":1,"minecraft:chest":7,"minecraft:wheat":54,"minecraft:crafting_table":5,"minecraft:iron_helmet":1,"minecraft:wooden_pickaxe":1,"minecraft:bowl":4,"minecraft:bucket":1,"minecraft:stone_axe":1,"minecraft:bread":20,"minecraft:acacia_boat":2,"minecraft:air":0,"minecraft:oak_boat":2,"minecraft:iron_chestplate":1,"minecraft:shield":2,"minecraft:stick":24,"minecraft:iron_ingot":73,"minecraft:iron_pickaxe":2,"minecraft:wooden_axe":1,"minecraft:iron_leggings":2,"minecraft:acacia_planks":64,"minecraft:torch":20,"minecraft:shears":1}},"DataVersion":3465}