{"stats":{"minecraft:picked_up":{"minecraft:crafting_table":7,"minecraft:wheat":64,"minecraft:jungle_boat":3,"minecraft:jungle_log":15,"minecraft:leather":1,"minecraft:brown_mushroom":75,"minecraft:red_mushroom":83,"minecraft:oak_log":5,"minecraft:lapis_lazuli":20,"minecraft:dirt":16,"minecraft:cooked_mutton":1,"minecraft:item_frame":4,"minecraft:experience_bottle":1,"minecraft:wheat_seeds":264,"minecraft:beef":1,"minecraft:iron_ingot":1,"minecraft:calcite":2,"minecraft:azalea":1,"minecraft:bamboo":11,"minecraft:sugar_cane":14,"minecraft:chest":1,"minecraft:acacia_sapling":1,"minecraft:book":1,"minecraft:scaffolding":3,"minecraft:sandstone":3,"minecraft:stick":1,"minecraft:raw_iron":30,"minecraft:stone":1,"minecraft:torch":5,"minecraft:acacia_log":12,"minecraft:gravel":4,"minecraft:brown_carpet":2,"travelersbackpack:white_sleeping_bag":2,"minecraft:bone_meal":1,"minecraft:gold_ingot":3,"minecraft:melon_seeds":1,"minecraft:coal":28,"minecraft:cobblestone":61},"minecraft:used":{"minecraft:calcite":2,"minecraft:azalea":1,"minecraft:wheat_seeds":92,"minecraft:cooked_mutton":1,"minecraft:stone_pickaxe":115,"minecraft:wooden_pickaxe":23,"minecraft:iron_sword":12,"minecraft:wooden_shovel":14,"minecraft:jungle_boat":3,"minecraft:torch":12,"minecraft:dirt":13,"minecraft:crafting_table":5,"minecraft:mushroom_stew":9,"minecraft:wooden_axe":124,"minecraft:bread":2,"travelersbackpack:white_sleeping_bag":2,"minecraft:jungle_log":1,"minecraft:golden_leggings":1,"minecraft:bamboo":1,"minecraft:stone_axe":22,"minecraft:cobblestone":12,"minecraft:acacia_planks":9,"minecraft:experience_bottle":1},"minecraft:custom":{"minecraft:interact_with_smithing_table":1,"minecraft:mob_kills":2,"minecraft:interact_with_crafting_table":16,"minecraft:open_barrel":1,"minecraft:bell_ring":1,"minecraft:leave_game":1,"minecraft:time_since_death":82057,"minecraft:sleep_in_bed":5,"minecraft:climb_one_cm":1547,"minecraft:time_since_rest":2936,"minecraft:sprint_one_cm":355453,"minecraft:damage_taken":380,"minecraft:walk_one_cm":241095,"minecraft:drop":21,"minecraft:damage_dealt":314,"minecraft:swim_one_cm":29884,"minecraft:fly_one_cm":112832,"minecraft:open_chest":21,"minecraft:crouch_one_cm":3024,"minecraft:play_time":82057,"minecraft:sneak_time":1057,"minecraft:walk_under_water_one_cm":14541,"minecraft:boat_one_cm":487297,"minecraft:jump":962,"minecraft:walk_on_water_one_cm":16496,"minecraft:total_world_time":82057,"minecraft:fall_one_cm":17607,"minecraft:horse_one_cm":3396},"minecraft:killed":{"minecraft:zombie":1,"minecraft:cow":1},"minecraft:mined":{"minecraft:scaffolding":3,"minecraft:brown_mushroom":45,"minecraft:jungle_leaves":6,"minecraft:crafting_table":6,"minecraft:torch":2,"minecraft:calcite":2,"minecraft:acacia_log":12,"minecraft:grass_block":3,"minecraft:chest":1,"minecraft:jungle_log":17,"minecraft:mushroom_stem":16,"minecraft:copper_ore":1,"travelersbackpack:white_sleeping_bag":2,"minecraft:tall_grass":5,"minecraft:lapis_ore":3,"minecraft:red_mushroom":53,"minecraft:sandstone":3,"minecraft:wall_torch":3,"minecraft:iron_ore":29,"minecraft:wheat":76,"minecraft:grass":60,"minecraft:oak_log":6,"minecraft:coal_ore":28,"minecraft:mycelium":2,"minecraft:deepslate_iron_ore":2,"minecraft:vine":3,"minecraft:dirt":14,"minecraft:bamboo":1,"minecraft:raw_copper_block":1,"minecraft:stone":62,"minecraft:oak_leaves":1,"minecraft:fern":14},"minecraft:dropped":{"minecraft:gravel":4,"minecraft:wheat_seeds":136,"minecraft:cod":3,"minecraft:item_frame":4,"minecraft:dirt":3,"minecraft:stone":1,"minecraft:wooden_axe":1,"minecraft:melon_seeds":1,"minecraft:acacia_sapling":1,"minecraft:wooden_shovel":1,"minecraft:brown_carpet":2,"minecraft:sandstone":3,"minecraft:wooden_pickaxe":1,"minecraft:white_wool":14},"minecraft:crafted":{"minecraft:oak_planks":20,"minecraft:wooden_shovel":1,"minecraft:tripwire_hook":2,"minecraft:crafting_table":1,"minecraft:jungle_boat":1,"minecraft:wooden_pickaxe":1,"minecraft:iron_sword":1,"minecraft:bowl":4,"minecraft:mushroom_stew":10,"minecraft:stone_axe":1,"minecraft:bread":23,"minecraft:jungle_planks":56,"travelersbackpack:white_sleeping_bag":1,"minecraft:stick":16,"minecraft:stone_pickaxe":1,"minecraft:wooden_axe":1,"minecraft:acacia_planks":48,"minecraft:torch":8,"minecraft:trapped_chest":1}},"DataVersion":3465}