{"stats":{"minecraft:picked_up":{"minecraft:oak_log":2,"minecraft:dirt":4},"minecraft:custom":{"minecraft:jump":36,"minecraft:time_since_rest":7510,"minecraft:leave_game":1,"minecraft:crouch_one_cm":15,"minecraft:sprint_one_cm":3537,"minecraft:play_time":7510,"minecraft:time_since_death":7510,"minecraft:walk_one_cm":6587,"minecraft:sneak_time":3,"minecraft:total_world_time":7510,"minecraft:fall_one_cm":896,"minecraft:fly_one_cm":3784},"minecraft:crafted":{"minecraft:oak_planks":8},"minecraft:mined":{"minecraft:grass":1,"minecraft:grass_block":4,"minecraft:oak_log":2,"minecraft:oak_leaves":3}},"DataVersion":3465}