{"stats":{"minecraft:picked_up":{"minecraft:stick":1,"minecraft:crafting_table":4,"minecraft:jungle_boat":1,"minecraft:jungle_log":15,"minecraft:acacia_log":12,"minecraft:dirt":13,"minecraft:wheat_seeds":10,"minecraft:calcite":1,"minecraft:azalea":1,"minecraft:bamboo":11,"minecraft:acacia_sapling":1,"minecraft:cobblestone":20},"minecraft:used":{"minecraft:azalea":1,"minecraft:wooden_axe":27,"minecraft:stone_pickaxe":3,"minecraft:jungle_log":1,"minecraft:wooden_pickaxe":18,"minecraft:jungle_boat":1,"minecraft:stone_axe":1,"minecraft:crafting_table":4},"minecraft:custom":{"minecraft:time_since_rest":17712,"minecraft:sprint_one_cm":38643,"minecraft:damage_taken":80,"minecraft:walk_one_cm":41460,"minecraft:mob_kills":1,"minecraft:drop":1,"minecraft:damage_dealt":19,"minecraft:interact_with_crafting_table":6,"minecraft:fly_one_cm":16965,"minecraft:crouch_one_cm":102,"minecraft:play_time":17712,"minecraft:sneak_time":124,"minecraft:walk_under_water_one_cm":4428,"minecraft:boat_one_cm":212032,"minecraft:jump":135,"minecraft:walk_on_water_one_cm":1962,"minecraft:time_since_death":17712,"minecraft:climb_one_cm":1547,"minecraft:total_world_time":17712,"minecraft:fall_one_cm":3637},"minecraft:mined":{"minecraft:jungle_leaves":6,"minecraft:crafting_table":4,"minecraft:grass":50,"minecraft:acacia_log":12,"minecraft:grass_block":3,"minecraft:calcite":1,"minecraft:vine":3,"minecraft:jungle_log":17,"minecraft:dirt":10,"minecraft:bamboo":1,"minecraft:stone":20,"minecraft:oak_leaves":1,"minecraft:fern":14},"minecraft:killed":{"minecraft:zombie":1},"minecraft:dropped":{"minecraft:acacia_sapling":1},"minecraft:crafted":{"minecraft:wooden_shovel":1,"minecraft:crafting_table":1,"minecraft:stick":12,"minecraft:jungle_boat":1,"minecraft:wooden_pickaxe":1,"minecraft:stone_pickaxe":1,"minecraft:wooden_axe":1,"minecraft:stone_axe":1,"minecraft:jungle_planks":56}},"DataVersion":3465}