{"stats":{"minecraft:used":{"minecraft:crafting_table":1},"minecraft:mined":{"minecraft:seagrass":2,"minecraft:grass":5,"minecraft:tall_seagrass":3,"minecraft:grass_block":3,"minecraft:oak_log":5,"minecraft:brown_mushroom":1,"minecraft:dead_bush":2},"minecraft:picked_up":{"minecraft:stick":3,"minecraft:brown_mushroom":1,"minecraft:oak_log":5,"minecraft:dirt":3},"minecraft:crafted":{"minecraft:oak_planks":20,"minecraft:crafting_table":1,"minecraft:stick":4,"minecraft:wooden_pickaxe":1,"minecraft:wooden_axe":1},"minecraft:custom":{"minecraft:time_since_rest":16500,"minecraft:crouch_one_cm":239,"minecraft:sprint_one_cm":44806,"minecraft:play_time":16500,"minecraft:damage_taken":36,"minecraft:walk_one_cm":18043,"minecraft:sneak_time":226,"minecraft:walk_under_water_one_cm":255,"minecraft:jump":79,"minecraft:damage_dealt":10,"minecraft:leave_game":1,"minecraft:walk_on_water_one_cm":4003,"minecraft:time_since_death":16500,"minecraft:climb_one_cm":619,"minecraft:total_world_time":16500,"minecraft:swim_one_cm":7071,"minecraft:interact_with_crafting_table":1,"minecraft:fall_one_cm":1312,"minecraft:fly_one_cm":16237}},"DataVersion":3465}