{"stats":{"minecraft:used":{"minecraft:wooden_axe":15,"minecraft:apple":4,"minecraft:stone_pickaxe":24,"minecraft:bread":8,"minecraft:wooden_pickaxe":27,"minecraft:torch":1,"minecraft:stone_axe":40,"minecraft:dirt":6,"minecraft:crafting_table":7,"minecraft:oak_boat":7,"minecraft:potato":23,"minecraft:wheat_seeds":30},"minecraft:mined":{"minecraft:hay_block":1,"minecraft:seagrass":2,"minecraft:tall_seagrass":3,"minecraft:acacia_leaves":8,"minecraft:brown_mushroom":7,"minecraft:iron_ore":6,"minecraft:wheat":30,"minecraft:torch":1,"minecraft:crafting_table":6,"minecraft:acacia_log":17,"minecraft:grass":36,"minecraft:grass_block":3,"minecraft:oak_log":10,"minecraft:coal_ore":7,"minecraft:dead_bush":3,"minecraft:dirt":1,"minecraft:tall_grass":9,"minecraft:copper_ore":2,"minecraft:red_mushroom":6,"minecraft:stone":32},"minecraft:dropped":{"minecraft:potato":7,"minecraft:apple":2},"minecraft:picked_up":{"minecraft:wheat":30,"minecraft:raw_iron":6,"minecraft:stick":7,"minecraft:crafting_table":6,"minecraft:brown_mushroom":6,"minecraft:torch":1,"minecraft:acacia_log":16,"minecraft:red_mushroom":5,"minecraft:potato":1,"minecraft:oak_log":10,"minecraft:lily_pad":23,"minecraft:string":2,"minecraft:dirt":6,"minecraft:raw_copper":7,"minecraft:rotten_flesh":2,"minecraft:kelp":19,"minecraft:wheat_seeds":81,"minecraft:hay_block":1,"minecraft:oak_boat":6,"minecraft:coal":7,"minecraft:egg":2,"minecraft:cobblestone":31},"minecraft:crafted":{"minecraft:oak_boat":1,"minecraft:oak_planks":40,"minecraft:crafting_table":1,"minecraft:stick":8,"minecraft:wooden_pickaxe":1,"minecraft:stone_pickaxe":1,"minecraft:wooden_axe":1,"minecraft:bowl":4,"minecraft:mushroom_stew":1,"minecraft:torch":4,"minecraft:stone_axe":1,"minecraft:bread":3,"minecraft:wheat":9},"minecraft:custom":{"minecraft:interact_with_smithing_table":1,"minecraft:time_since_rest":3082,"minecraft:sprint_one_cm":291711,"minecraft:damage_taken":252,"minecraft:walk_one_cm":241980,"minecraft:drop":9,"minecraft:damage_dealt":219,"minecraft:swim_one_cm":19896,"minecraft:interact_with_crafting_table":9,"minecraft:talked_to_villager":1,"minecraft:fly_one_cm":134760,"minecraft:open_chest":8,"minecraft:crouch_one_cm":789,"minecraft:play_time":82063,"minecraft:sneak_time":492,"minecraft:walk_under_water_one_cm":3817,"minecraft:boat_one_cm":688701,"minecraft:jump":797,"minecraft:leave_game":2,"minecraft:time_since_death":82063,"minecraft:walk_on_water_one_cm":10997,"minecraft:sleep_in_bed":4,"minecraft:total_world_time":82063,"minecraft:climb_one_cm":2790,"minecraft:fall_one_cm":17763}},"DataVersion":3465}