{"stats":{"minecraft:custom":{"minecraft:time_since_rest":26449,"minecraft:damage_taken":465,"minecraft:crouch_one_cm":15,"minecraft:sprint_one_cm":34255,"minecraft:play_time":35617,"minecraft:deaths":1,"minecraft:walk_one_cm":62920,"minecraft:sneak_time":10,"minecraft:walk_under_water_one_cm":4258,"minecraft:jump":331,"minecraft:leave_game":6,"minecraft:walk_on_water_one_cm":258,"minecraft:time_since_death":22225,"minecraft:total_world_time":35617,"minecraft:fall_one_cm":9322,"minecraft:fly_one_cm":30863},"minecraft:crafted":{"minecraft:oak_planks":8},"minecraft:mined":{"minecraft:grass":6,"minecraft:grass_block":4,"minecraft:oak_log":2,"minecraft:oak_sapling":1,"minecraft:tall_grass":6,"minecraft:oak_leaves":8,"minecraft:cornflower":1},"minecraft:killed_by":{"minecraft:zombie":1},"minecraft:used":{"minecraft:cornflower":1,"minecraft:oak_sapling":1},"minecraft:picked_up":{"minecraft:wheat_seeds":1,"minecraft:rabbit_hide":1,"minecraft:oak_log":2,"minecraft:rabbit":1,"minecraft:bamboo":14,"minecraft:oak_sapling":2,"minecraft:cornflower":1,"minecraft:dirt":4}},"DataVersion":3465}