{"stats":{"minecraft:killed":{"minecraft:skeleton":1,"minecraft:zombie":2},"minecraft:mined":{"minecraft:acacia_leaves":8,"minecraft:brown_mushroom":7,"minecraft:crafting_table":6,"minecraft:torch":1,"minecraft:allium":1,"minecraft:acacia_log":17,"minecraft:grass_block":13,"minecraft:dead_bush":3,"minecraft:copper_ore":5,"minecraft:tall_grass":9,"minecraft:sugar_cane":1,"minecraft:red_mushroom":6,"minecraft:wall_torch":6,"minecraft:seagrass":2,"minecraft:hay_block":2,"minecraft:tall_seagrass":3,"minecraft:iron_ore":6,"minecraft:fire":1,"minecraft:wheat":30,"minecraft:yellow_bed":7,"minecraft:grass":47,"minecraft:coal_ore":14,"minecraft:oak_log":10,"minecraft:sand":9,"minecraft:dirt":21,"minecraft:stone":43},"minecraft:used":{"minecraft:wheat_seeds":30,"minecraft:stone_shovel":39,"minecraft:stone_pickaxe":49,"minecraft:wooden_pickaxe":27,"minecraft:iron_sword":14,"minecraft:torch":8,"minecraft:dirt":10,"minecraft:crafting_table":7,"minecraft:mushroom_stew":2,"minecraft:wooden_axe":15,"minecraft:apple":4,"minecraft:bread":11,"minecraft:stone_axe":43,"minecraft:yellow_bed":8,"minecraft:oak_boat":7,"minecraft:potato":29},"minecraft:picked_up":{"minecraft:crafting_table":7,"minecraft:wheat":30,"minecraft:golden_leggings":2,"minecraft:brown_mushroom":6,"minecraft:red_mushroom":5,"minecraft:potato":1,"minecraft:filled_map":1,"minecraft:oak_log":10,"minecraft:lily_pad":23,"minecraft:golden_boots":1,"minecraft:yellow_bed":9,"minecraft:dirt":35,"minecraft:string":2,"minecraft:raw_copper":72,"minecraft:cooked_salmon":2,"minecraft:flint_and_steel":1,"minecraft:bone":2,"minecraft:kelp":19,"minecraft:wheat_seeds":82,"minecraft:gold_nugget":5,"minecraft:heart_of_the_sea":1,"minecraft:beef":3,"minecraft:stone_pickaxe":1,"minecraft:oak_boat":6,"minecraft:sugar_cane":3,"minecraft:iron_sword":2,"minecraft:oak_planks":14,"minecraft:egg":4,"minecraft:stick":7,"minecraft:raw_iron":9,"minecraft:torch":19,"minecraft:acacia_log":16,"minecraft:fire_charge":2,"minecraft:gravel":1,"minecraft:sand":21,"minecraft:ink_sac":2,"minecraft:white_bed":1,"minecraft:prismarine_crystals":4,"minecraft:arrow":1,"minecraft:stone_shovel":1,"minecraft:rotten_flesh":6,"minecraft:diamond":3,"minecraft:hay_block":2,"minecraft:gold_ingot":7,"minecraft:golden_apple":1,"minecraft:emerald":10,"minecraft:oak_sapling":1,"minecraft:coal":21,"minecraft:cobblestone":46},"minecraft:dropped":{"minecraft:gravel":1,"minecraft:iron_sword":1,"minecraft:stone_axe":1,"minecraft:kelp":19,"minecraft:sugar_cane":3,"minecraft:wheat_seeds":52,"minecraft:diamond":3,"minecraft:crafting_table":1,"minecraft:stone_shovel":1,"minecraft:cobblestone":16,"minecraft:rotten_flesh":6,"minecraft:apple":7,"minecraft:white_bed":1,"minecraft:emerald":12,"minecraft:filled_map":1,"minecraft:dirt":10,"minecraft:potato":7,"minecraft:ink_sac":2,"minecraft:wooden_axe":1,"minecraft:golden_leggings":1,"minecraft:sand":21,"minecraft:wooden_pickaxe":1,"minecraft:lily_pad":23,"minecraft:string":2,"minecraft:egg":4},"minecraft:crafted":{"minecraft:oak_planks":40,"minecraft:stone_shovel":2,"minecraft:crafting_table":1,"minecraft:wooden_pickaxe":1,"minecraft:bowl":4,"minecraft:mushroom_stew":2,"minecraft:stone_axe":1,"minecraft:bread":3,"minecraft:oak_boat":1,"minecraft:stick":8,"minecraft:stone_pickaxe":1,"minecraft:wooden_axe":1,"minecraft:acacia_planks":64,"minecraft:torch":4,"minecraft:wheat":18},"minecraft:custom":{"minecraft:interact_with_smithing_table":1,"minecraft:mob_kills":3,"minecraft:interact_with_crafting_table":11,"minecraft:bell_ring":9,"minecraft:leave_game":2,"minecraft:time_since_death":118063,"minecraft:sleep_in_bed":15,"minecraft:climb_one_cm":2790,"minecraft:time_since_rest":5353,"minecraft:sprint_one_cm":433108,"minecraft:damage_taken":398,"minecraft:walk_one_cm":331356,"minecraft:drop":49,"minecraft:damage_dealt":809,"minecraft:swim_one_cm":55158,"minecraft:talked_to_villager":1,"minecraft:fly_one_cm":246319,"minecraft:open_chest":12,"minecraft:crouch_one_cm":1837,"minecraft:play_time":118063,"minecraft:sneak_time":906,"minecraft:walk_under_water_one_cm":17726,"minecraft:boat_one_cm":834107,"minecraft:jump":1371,"minecraft:walk_on_water_one_cm":28922,"minecraft:total_world_time":118063,"minecraft:fall_one_cm":33497}},"DataVersion":3465}