{"stats":{"minecraft:picked_up":{"minecraft:crafting_table":6,"minecraft:wheat":64,"minecraft:jungle_boat":2,"minecraft:jungle_log":15,"minecraft:brown_mushroom":75,"minecraft:red_mushroom":83,"minecraft:oak_log":5,"minecraft:lapis_lazuli":20,"minecraft:dirt":16,"minecraft:cooked_mutton":1,"minecraft:item_frame":4,"minecraft:experience_bottle":1,"minecraft:wheat_seeds":262,"minecraft:iron_ingot":1,"minecraft:calcite":2,"minecraft:azalea":1,"minecraft:bamboo":11,"minecraft:sugar_cane":14,"minecraft:chest":1,"minecraft:acacia_sapling":1,"minecraft:book":1,"minecraft:scaffolding":3,"minecraft:sandstone":3,"minecraft:stick":1,"minecraft:raw_iron":30,"minecraft:stone":1,"minecraft:torch":4,"minecraft:acacia_log":12,"minecraft:gravel":4,"minecraft:brown_carpet":2,"travelersbackpack:white_sleeping_bag":1,"minecraft:bone_meal":1,"minecraft:gold_ingot":3,"minecraft:melon_seeds":1,"minecraft:coal":25,"minecraft:cobblestone":54},"minecraft:used":{"minecraft:calcite":2,"minecraft:azalea":1,"minecraft:wheat_seeds":92,"minecraft:cooked_mutton":1,"minecraft:stone_pickaxe":102,"minecraft:wooden_pickaxe":23,"minecraft:wooden_shovel":14,"minecraft:jungle_boat":2,"minecraft:torch":11,"minecraft:dirt":13,"minecraft:crafting_table":5,"minecraft:mushroom_stew":7,"minecraft:wooden_axe":124,"travelersbackpack:white_sleeping_bag":1,"minecraft:jungle_log":1,"minecraft:bamboo":1,"minecraft:stone_axe":22,"minecraft:acacia_planks":9,"minecraft:experience_bottle":1},"minecraft:custom":{"minecraft:mob_kills":1,"minecraft:interact_with_crafting_table":13,"minecraft:open_barrel":1,"minecraft:bell_ring":1,"minecraft:leave_game":1,"minecraft:time_since_death":70057,"minecraft:sleep_in_bed":4,"minecraft:climb_one_cm":1547,"minecraft:time_since_rest":4604,"minecraft:sprint_one_cm":295131,"minecraft:damage_taken":230,"minecraft:walk_one_cm":214920,"minecraft:drop":10,"minecraft:damage_dealt":214,"minecraft:swim_one_cm":6371,"minecraft:fly_one_cm":94406,"minecraft:open_chest":11,"minecraft:crouch_one_cm":2331,"minecraft:play_time":70057,"minecraft:sneak_time":703,"minecraft:walk_under_water_one_cm":8471,"minecraft:boat_one_cm":479287,"minecraft:jump":842,"minecraft:walk_on_water_one_cm":13457,"minecraft:total_world_time":70057,"minecraft:fall_one_cm":14998},"minecraft:killed":{"minecraft:zombie":1},"minecraft:mined":{"minecraft:scaffolding":3,"minecraft:brown_mushroom":45,"minecraft:jungle_leaves":6,"minecraft:crafting_table":6,"minecraft:torch":2,"minecraft:calcite":2,"minecraft:acacia_log":12,"minecraft:grass_block":3,"minecraft:chest":1,"minecraft:jungle_log":17,"minecraft:mushroom_stem":16,"travelersbackpack:white_sleeping_bag":1,"minecraft:tall_grass":4,"minecraft:lapis_ore":3,"minecraft:red_mushroom":53,"minecraft:sandstone":3,"minecraft:wall_torch":2,"minecraft:iron_ore":29,"minecraft:wheat":76,"minecraft:grass":51,"minecraft:oak_log":6,"minecraft:coal_ore":25,"minecraft:mycelium":2,"minecraft:deepslate_iron_ore":2,"minecraft:vine":3,"minecraft:dirt":13,"minecraft:bamboo":1,"minecraft:raw_copper_block":1,"minecraft:stone":55,"minecraft:oak_leaves":1,"minecraft:fern":14},"minecraft:dropped":{"minecraft:wheat_seeds":61,"minecraft:dirt":3,"minecraft:stone":1,"minecraft:wooden_axe":1,"minecraft:melon_seeds":1,"minecraft:acacia_sapling":1,"minecraft:brown_carpet":2,"minecraft:wooden_pickaxe":1},"minecraft:crafted":{"minecraft:wooden_shovel":1,"minecraft:tripwire_hook":2,"minecraft:crafting_table":1,"minecraft:jungle_boat":1,"minecraft:wooden_pickaxe":1,"minecraft:bowl":4,"minecraft:mushroom_stew":7,"minecraft:stone_axe":1,"minecraft:bread":23,"minecraft:jungle_planks":56,"travelersbackpack:white_sleeping_bag":1,"minecraft:stick":12,"minecraft:stone_pickaxe":1,"minecraft:wooden_axe":1,"minecraft:acacia_planks":48,"minecraft:torch":8,"minecraft:trapped_chest":1}},"DataVersion":3465}