{"stats":{"minecraft:killed":{"minecraft:skeleton":4,"minecraft:zombie":14},"minecraft:mined":{"minecraft:acacia_log":17,"minecraft:allium":1,"minecraft:grass_block":13,"minecraft:red_mushroom":6,"minecraft:hay_block":2,"minecraft:tall_seagrass":3,"minecraft:iron_ore":37,"minecraft:fire":1,"minecraft:andesite":2,"minecraft:stone":84,"minecraft:acacia_leaves":8,"minecraft:brown_mushroom":7,"minecraft:crafting_table":6,"minecraft:torch":4,"minecraft:dead_bush":3,"minecraft:cobblestone":2,"minecraft:tall_grass":9,"minecraft:copper_ore":10,"minecraft:sugar_cane":1,"minecraft:diorite":1,"minecraft:wall_torch":6,"minecraft:seagrass":2,"minecraft:wheat":30,"minecraft:yellow_bed":7,"minecraft:grass":48,"minecraft:oak_log":10,"minecraft:coal_ore":14,"minecraft:dirt":21,"minecraft:sand":9},"minecraft:used":{"minecraft:stone_shovel":39,"minecraft:chest":1,"minecraft:shield":3,"minecraft:iron_sword":75,"minecraft:iron_chestplate":1,"minecraft:torch":13,"minecraft:dirt":25,"minecraft:wooden_axe":15,"minecraft:iron_boots":1,"minecraft:furnace":3,"minecraft:egg":2,"minecraft:potato":29,"minecraft:wheat_seeds":30,"minecraft:stone_pickaxe":134,"minecraft:wooden_pickaxe":27,"minecraft:crafting_table":8,"minecraft:mushroom_stew":3,"minecraft:apple":4,"minecraft:bread":14,"minecraft:stone_axe":43,"minecraft:cobblestone":16,"minecraft:yellow_bed":9,"minecraft:oak_boat":7},"minecraft:dropped":{"minecraft:iron_sword":1,"minecraft:brown_mushroom":3,"minecraft:wheat_seeds":52,"minecraft:diamond":3,"minecraft:crafting_table":2,"minecraft:cobblestone":25,"minecraft:apple":7,"minecraft:emerald":12,"minecraft:dirt":10,"minecraft:diorite":3,"minecraft:ink_sac":2,"minecraft:torch":10,"minecraft:wooden_axe":1,"minecraft:sand":21,"minecraft:iron_pickaxe":1,"minecraft:string":2,"minecraft:lily_pad":23,"minecraft:gravel":1,"minecraft:stone_axe":1,"minecraft:kelp":19,"minecraft:sugar_cane":3,"minecraft:stone_shovel":1,"minecraft:rotten_flesh":6,"minecraft:white_bed":1,"minecraft:filled_map":1,"minecraft:potato":7,"minecraft:shield":2,"minecraft:diamond_pickaxe":1,"minecraft:golden_leggings":1,"minecraft:wooden_pickaxe":1,"minecraft:egg":4},"minecraft:picked_up":{"minecraft:crafting_table":9,"minecraft:wheat":30,"minecraft:brown_mushroom":12,"minecraft:shield":2,"minecraft:string":2,"minecraft:raw_copper":158,"minecraft:cooked_salmon":2,"minecraft:flint_and_steel":2,"minecraft:gold_nugget":10,"minecraft:spruce_planks":1,"minecraft:beef":3,"minecraft:oak_boat":6,"minecraft:iron_pickaxe":1,"minecraft:sugar_cane":3,"minecraft:egg":9,"minecraft:furnace":2,"minecraft:raw_iron":43,"minecraft:stick":7,"minecraft:acacia_log":16,"minecraft:torch":49,"minecraft:bowl":4,"minecraft:fire_charge":4,"minecraft:diorite":7,"minecraft:prismarine_crystals":8,"minecraft:arrow":3,"minecraft:rotten_flesh":18,"minecraft:stone_shovel":3,"minecraft:hay_block":2,"minecraft:gold_ingot":15,"minecraft:cobblestone":110,"minecraft:white_wool":2,"minecraft:andesite":6,"minecraft:golden_leggings":3,"minecraft:red_mushroom":7,"minecraft:potato":1,"minecraft:filled_map":1,"minecraft:oak_log":10,"minecraft:lily_pad":23,"minecraft:golden_boots":1,"minecraft:yellow_bed":11,"minecraft:dirt":35,"minecraft:bone":7,"minecraft:acacia_planks":64,"minecraft:kelp":19,"minecraft:wheat_seeds":83,"minecraft:heart_of_the_sea":2,"minecraft:stone_pickaxe":5,"minecraft:oak_planks":99,"minecraft:iron_sword":4,"minecraft:book":1,"minecraft:gravel":2,"minecraft:sand":21,"minecraft:ink_sac":2,"minecraft:white_bed":1,"minecraft:diamond":3,"minecraft:stone_axe":1,"minecraft:golden_apple":2,"minecraft:emerald":22,"minecraft:bread":10,"minecraft:oak_sapling":5,"minecraft:coal":31,"minecraft:diamond_pickaxe":2},"minecraft:crafted":{"minecraft:oak_planks":40,"minecraft:stone_shovel":2,"minecraft:furnace":1,"minecraft:mushroom_stew":3,"minecraft:cooked_mutton":2,"minecraft:iron_boots":1,"minecraft:stone_pickaxe":1,"minecraft:chest":1,"minecraft:wheat":18,"minecraft:crafting_table":2,"minecraft:wooden_pickaxe":1,"minecraft:bowl":4,"minecraft:stone_axe":1,"minecraft:bread":3,"minecraft:air":0,"minecraft:oak_boat":1,"minecraft:iron_chestplate":1,"minecraft:shield":2,"minecraft:stick":12,"minecraft:iron_ingot":23,"minecraft:iron_pickaxe":2,"minecraft:wooden_axe":1,"minecraft:acacia_planks":64,"minecraft:torch":4},"minecraft:killed_by":{"minecraft:player":1},"minecraft:custom":{"minecraft:interact_with_smithing_table":1,"minecraft:mob_kills":19,"minecraft:interact_with_crafting_table":25,"minecraft:bell_ring":9,"minecraft:leave_game":2,"minecraft:time_since_death":19830,"minecraft:climb_one_cm":2790,"minecraft:sprint_one_cm":513339,"minecraft:walk_one_cm":418721,"minecraft:damage_blocked_by_shield":90,"minecraft:drop":75,"minecraft:talked_to_villager":1,"minecraft:play_time":142063,"minecraft:deaths":1,"minecraft:sneak_time":1181,"minecraft:walk_under_water_one_cm":22098,"minecraft:boat_one_cm":834107,"minecraft:jump":1664,"minecraft:walk_on_water_one_cm":37551,"minecraft:total_world_time":142063,"minecraft:interact_with_furnace":22,"minecraft:sleep_in_bed":17,"minecraft:time_since_rest":7663,"minecraft:damage_taken":823,"minecraft:damage_dealt":3613,"minecraft:swim_one_cm":61721,"minecraft:fly_one_cm":282710,"minecraft:open_chest":17,"minecraft:crouch_one_cm":2709,"minecraft:fall_one_cm":39756}},"DataVersion":3465}