{"stats":{"minecraft:picked_up":{"minecraft:raw_iron":6,"minecraft:stick":1,"minecraft:crafting_table":6,"minecraft:jungle_boat":2,"minecraft:jungle_log":15,"minecraft:brown_mushroom":41,"minecraft:acacia_log":12,"minecraft:red_mushroom":45,"minecraft:dirt":16,"minecraft:wheat_seeds":10,"minecraft:calcite":1,"minecraft:azalea":1,"minecraft:bamboo":11,"minecraft:acacia_sapling":1,"minecraft:coal":9,"minecraft:cobblestone":41},"minecraft:used":{"minecraft:azalea":1,"minecraft:wooden_axe":121,"minecraft:stone_pickaxe":40,"minecraft:jungle_log":1,"minecraft:wooden_pickaxe":18,"minecraft:wooden_shovel":6,"minecraft:jungle_boat":2,"minecraft:stone_axe":16,"minecraft:bamboo":1,"minecraft:crafting_table":5,"minecraft:mushroom_stew":3},"minecraft:custom":{"minecraft:time_since_rest":635,"minecraft:sprint_one_cm":108893,"minecraft:damage_taken":130,"minecraft:walk_one_cm":97268,"minecraft:mob_kills":1,"minecraft:drop":1,"minecraft:damage_dealt":19,"minecraft:swim_one_cm":3785,"minecraft:interact_with_crafting_table":9,"minecraft:fly_one_cm":37942,"minecraft:open_chest":1,"minecraft:crouch_one_cm":102,"minecraft:play_time":40057,"minecraft:sneak_time":140,"minecraft:walk_under_water_one_cm":5583,"minecraft:boat_one_cm":479287,"minecraft:jump":410,"minecraft:leave_game":1,"minecraft:time_since_death":40057,"minecraft:walk_on_water_one_cm":2585,"minecraft:sleep_in_bed":1,"minecraft:total_world_time":40057,"minecraft:climb_one_cm":1547,"minecraft:fall_one_cm":6782},"minecraft:killed":{"minecraft:zombie":1},"minecraft:mined":{"minecraft:brown_mushroom":45,"minecraft:iron_ore":6,"minecraft:jungle_leaves":6,"minecraft:crafting_table":6,"minecraft:grass":50,"minecraft:acacia_log":12,"minecraft:grass_block":3,"minecraft:calcite":1,"minecraft:coal_ore":9,"minecraft:mycelium":2,"minecraft:vine":3,"minecraft:jungle_log":17,"minecraft:dirt":13,"minecraft:mushroom_stem":16,"minecraft:bamboo":1,"minecraft:stone":42,"minecraft:red_mushroom":53,"minecraft:oak_leaves":1,"minecraft:fern":14},"minecraft:dropped":{"minecraft:acacia_sapling":1},"minecraft:crafted":{"minecraft:wooden_shovel":1,"minecraft:crafting_table":1,"minecraft:stick":12,"minecraft:jungle_boat":1,"minecraft:wooden_pickaxe":1,"minecraft:stone_pickaxe":1,"minecraft:wooden_axe":1,"minecraft:bowl":4,"minecraft:mushroom_stew":4,"minecraft:acacia_planks":48,"minecraft:stone_axe":1,"minecraft:jungle_planks":56}},"DataVersion":3465}