{"stats":{"minecraft:picked_up":{"minecraft:raw_iron":4,"minecraft:stick":1,"minecraft:crafting_table":6,"minecraft:jungle_boat":1,"minecraft:jungle_log":15,"minecraft:brown_mushroom":41,"minecraft:acacia_log":12,"minecraft:red_mushroom":45,"minecraft:dirt":16,"minecraft:wheat_seeds":10,"minecraft:calcite":1,"minecraft:azalea":1,"minecraft:bamboo":11,"minecraft:acacia_sapling":1,"minecraft:cobblestone":29},"minecraft:used":{"minecraft:azalea":1,"minecraft:wooden_axe":121,"minecraft:stone_pickaxe":17,"minecraft:jungle_log":1,"minecraft:wooden_pickaxe":18,"minecraft:wooden_shovel":6,"minecraft:jungle_boat":2,"minecraft:stone_axe":16,"minecraft:crafting_table":5,"minecraft:mushroom_stew":2},"minecraft:custom":{"minecraft:time_since_rest":29712,"minecraft:sprint_one_cm":94542,"minecraft:damage_taken":100,"minecraft:walk_one_cm":90535,"minecraft:mob_kills":1,"minecraft:drop":1,"minecraft:damage_dealt":19,"minecraft:swim_one_cm":3785,"minecraft:interact_with_crafting_table":9,"minecraft:fly_one_cm":34187,"minecraft:crouch_one_cm":102,"minecraft:play_time":29712,"minecraft:sneak_time":124,"minecraft:walk_under_water_one_cm":5583,"minecraft:boat_one_cm":219097,"minecraft:jump":381,"minecraft:walk_on_water_one_cm":2348,"minecraft:time_since_death":29712,"minecraft:climb_one_cm":1547,"minecraft:total_world_time":29712,"minecraft:fall_one_cm":6306},"minecraft:killed":{"minecraft:zombie":1},"minecraft:mined":{"minecraft:brown_mushroom":45,"minecraft:iron_ore":4,"minecraft:jungle_leaves":6,"minecraft:crafting_table":6,"minecraft:grass":50,"minecraft:acacia_log":12,"minecraft:grass_block":3,"minecraft:calcite":1,"minecraft:mycelium":2,"minecraft:vine":3,"minecraft:jungle_log":17,"minecraft:dirt":13,"minecraft:mushroom_stem":16,"minecraft:bamboo":1,"minecraft:stone":30,"minecraft:red_mushroom":53,"minecraft:oak_leaves":1,"minecraft:fern":14},"minecraft:dropped":{"minecraft:acacia_sapling":1},"minecraft:crafted":{"minecraft:wooden_shovel":1,"minecraft:crafting_table":1,"minecraft:stick":12,"minecraft:jungle_boat":1,"minecraft:wooden_pickaxe":1,"minecraft:stone_pickaxe":1,"minecraft:wooden_axe":1,"minecraft:bowl":4,"minecraft:mushroom_stew":4,"minecraft:acacia_planks":48,"minecraft:stone_axe":1,"minecraft:jungle_planks":56}},"DataVersion":3465}