{"stats":{"minecraft:mined":{"minecraft:acacia_leaves":8,"minecraft:brown_mushroom":7,"minecraft:crafting_table":6,"minecraft:torch":1,"minecraft:acacia_log":17,"minecraft:grass_block":5,"minecraft:dead_bush":3,"minecraft:copper_ore":2,"minecraft:tall_grass":9,"minecraft:sugar_cane":1,"minecraft:red_mushroom":6,"minecraft:wall_torch":5,"minecraft:seagrass":2,"minecraft:hay_block":2,"minecraft:tall_seagrass":3,"minecraft:iron_ore":6,"minecraft:fire":1,"minecraft:wheat":30,"minecraft:yellow_bed":4,"minecraft:grass":46,"minecraft:coal_ore":14,"minecraft:oak_log":10,"minecraft:sand":9,"minecraft:dirt":9,"minecraft:stone":43},"minecraft:used":{"minecraft:wheat_seeds":30,"minecraft:stone_shovel":19,"minecraft:stone_pickaxe":46,"minecraft:wooden_pickaxe":27,"minecraft:torch":6,"minecraft:dirt":6,"minecraft:crafting_table":7,"minecraft:mushroom_stew":1,"minecraft:wooden_axe":15,"minecraft:apple":4,"minecraft:bread":11,"minecraft:stone_axe":43,"minecraft:yellow_bed":4,"minecraft:oak_boat":7,"minecraft:potato":29},"minecraft:dropped":{"minecraft:stone_shovel":1,"minecraft:apple":2,"minecraft:filled_map":1,"minecraft:potato":7},"minecraft:picked_up":{"minecraft:crafting_table":6,"minecraft:wheat":30,"minecraft:brown_mushroom":6,"minecraft:red_mushroom":5,"minecraft:potato":1,"minecraft:filled_map":1,"minecraft:oak_log":10,"minecraft:lily_pad":23,"minecraft:golden_boots":1,"minecraft:yellow_bed":5,"minecraft:dirt":16,"minecraft:string":2,"minecraft:raw_copper":7,"minecraft:kelp":19,"minecraft:wheat_seeds":82,"minecraft:beef":3,"minecraft:stone_pickaxe":1,"minecraft:oak_boat":6,"minecraft:sugar_cane":3,"minecraft:iron_sword":1,"minecraft:oak_planks":14,"minecraft:egg":2,"minecraft:stick":7,"minecraft:raw_iron":6,"minecraft:torch":6,"minecraft:acacia_log":16,"minecraft:gravel":1,"minecraft:sand":21,"minecraft:ink_sac":2,"minecraft:rotten_flesh":2,"minecraft:hay_block":2,"minecraft:coal":13,"minecraft:cobblestone":46},"minecraft:crafted":{"minecraft:oak_planks":40,"minecraft:stone_shovel":2,"minecraft:crafting_table":1,"minecraft:wooden_pickaxe":1,"minecraft:bowl":4,"minecraft:mushroom_stew":1,"minecraft:stone_axe":1,"minecraft:bread":3,"minecraft:oak_boat":1,"minecraft:stick":8,"minecraft:stone_pickaxe":1,"minecraft:wooden_axe":1,"minecraft:torch":4,"minecraft:wheat":18},"minecraft:custom":{"minecraft:interact_with_smithing_table":1,"minecraft:interact_with_crafting_table":11,"minecraft:bell_ring":9,"minecraft:leave_game":2,"minecraft:time_since_death":106063,"minecraft:sleep_in_bed":10,"minecraft:climb_one_cm":2790,"minecraft:time_since_rest":10140,"minecraft:sprint_one_cm":396945,"minecraft:damage_taken":378,"minecraft:walk_one_cm":282743,"minecraft:drop":11,"minecraft:damage_dealt":219,"minecraft:swim_one_cm":42777,"minecraft:talked_to_villager":1,"minecraft:fly_one_cm":222100,"minecraft:open_chest":9,"minecraft:crouch_one_cm":1754,"minecraft:play_time":106063,"minecraft:sneak_time":855,"minecraft:walk_under_water_one_cm":13913,"minecraft:boat_one_cm":834107,"minecraft:jump":1228,"minecraft:walk_on_water_one_cm":17896,"minecraft:total_world_time":106063,"minecraft:fall_one_cm":29284}},"DataVersion":3465}