{"stats":{"minecraft:killed":{"minecraft:cow":1},"minecraft:used":{"minecraft:apple":1,"minecraft:beef":2,"minecraft:potato":8},"minecraft:mined":{"minecraft:grass":1,"minecraft:lily_pad":2,"minecraft:yellow_bed":1},"minecraft:picked_up":{"minecraft:apple":2,"minecraft:potato":6,"minecraft:beef":2,"minecraft:lily_pad":1,"minecraft:yellow_bed":1},"minecraft:custom":{"minecraft:open_chest":2,"minecraft:time_since_rest":3082,"minecraft:crouch_one_cm":512,"minecraft:play_time":17279,"minecraft:sprint_one_cm":38819,"minecraft:damage_taken":130,"minecraft:walk_one_cm":29387,"minecraft:sneak_time":85,"minecraft:mob_kills":1,"minecraft:boat_one_cm":332797,"minecraft:jump":105,"minecraft:damage_dealt":187,"minecraft:time_since_death":17279,"minecraft:walk_on_water_one_cm":4556,"minecraft:sleep_in_bed":1,"minecraft:total_world_time":17279,"minecraft:climb_one_cm":431,"minecraft:fall_one_cm":1091,"minecraft:fly_one_cm":16782}},"DataVersion":3465}