{"stats":{"minecraft:killed":{"minecraft:cow":1},"minecraft:used":{"minecraft:beef":1},"minecraft:mined":{"minecraft:grass":1,"minecraft:lily_pad":1},"minecraft:picked_up":{"minecraft:beef":2,"minecraft:lily_pad":1},"minecraft:custom":{"minecraft:jump":36,"minecraft:time_since_rest":5279,"minecraft:damage_dealt":177,"minecraft:crouch_one_cm":512,"minecraft:walk_on_water_one_cm":4502,"minecraft:sprint_one_cm":5226,"minecraft:play_time":5279,"minecraft:damage_taken":110,"minecraft:time_since_death":5279,"minecraft:walk_one_cm":12752,"minecraft:sneak_time":85,"minecraft:climb_one_cm":431,"minecraft:total_world_time":5279,"minecraft:mob_kills":1,"minecraft:boat_one_cm":64434,"minecraft:fly_one_cm":3676}},"DataVersion":3465}