{"stats":{"minecraft:used":{"minecraft:apple":1,"minecraft:sunflower":3,"minecraft:stone_shovel":7,"minecraft:spruce_planks":1,"minecraft:mutton":3,"minecraft:beef":2,"minecraft:crafting_table":1,"minecraft:oak_boat":5,"minecraft:yellow_bed":1,"minecraft:egg":2,"minecraft:potato":8},"minecraft:mined":{"minecraft:spruce_planks":3,"minecraft:dandelion":1,"minecraft:yellow_bed":1,"minecraft:crafting_table":1,"minecraft:grass":10,"minecraft:oak_log":6,"minecraft:sunflower":4,"minecraft:dirt":1,"minecraft:tall_grass":6,"minecraft:lily_pad":2,"minecraft:oak_leaves":1},"minecraft:killed":{"minecraft:sheep":2,"minecraft:bee":1,"minecraft:cow":1},"minecraft:picked_up":{"minecraft:stick":10,"minecraft:crafting_table":1,"minecraft:sandstone":18,"minecraft:oak_door":1,"minecraft:potato":6,"minecraft:gravel":1,"minecraft:sand":19,"minecraft:oak_log":6,"minecraft:lily_pad":1,"minecraft:yellow_bed":1,"minecraft:dirt":1,"minecraft:stone_shovel":1,"minecraft:apple":2,"minecraft:wheat_seeds":1,"minecraft:spruce_planks":3,"minecraft:beef":2,"minecraft:oak_boat":5,"minecraft:oak_sapling":2,"minecraft:mutton":3,"minecraft:oak_planks":13,"minecraft:white_wool":2,"minecraft:egg":2,"minecraft:sunflower":4},"minecraft:crafted":{"minecraft:oak_boat":1,"minecraft:oak_planks":22,"minecraft:crafting_table":1,"minecraft:stick":4},"minecraft:killed_by":{"minecraft:player":2,"minecraft:skeleton":2,"minecraft:creeper":1,"minecraft:zombie":1},"minecraft:custom":{"minecraft:time_since_rest":386,"minecraft:sprint_one_cm":183647,"minecraft:damage_taken":1559,"minecraft:walk_one_cm":112433,"minecraft:mob_kills":4,"minecraft:damage_dealt":843,"minecraft:interact_with_crafting_table":3,"minecraft:swim_one_cm":11989,"minecraft:fly_one_cm":95228,"minecraft:open_chest":2,"minecraft:crouch_one_cm":1466,"minecraft:play_time":47926,"minecraft:deaths":6,"minecraft:sneak_time":299,"minecraft:walk_under_water_one_cm":6321,"minecraft:boat_one_cm":472640,"minecraft:jump":535,"minecraft:leave_game":1,"minecraft:walk_on_water_one_cm":22829,"minecraft:time_since_death":0,"minecraft:sleep_in_bed":1,"minecraft:climb_one_cm":1090,"minecraft:total_world_time":47926,"minecraft:fall_one_cm":10768}},"DataVersion":3465}