{"stats":{"minecraft:killed":{"minecraft:cow":1},"minecraft:mined":{"minecraft:yellow_bed":1,"minecraft:grass":1,"minecraft:oak_log":6,"minecraft:sunflower":1,"minecraft:tall_grass":1,"minecraft:lily_pad":2,"minecraft:oak_leaves":1},"minecraft:used":{"minecraft:apple":1,"minecraft:stone_shovel":7,"minecraft:beef":2,"minecraft:crafting_table":1,"minecraft:oak_boat":1,"minecraft:yellow_bed":1,"minecraft:potato":8},"minecraft:picked_up":{"minecraft:stick":2,"minecraft:sandstone":18,"minecraft:oak_door":1,"minecraft:potato":6,"minecraft:gravel":1,"minecraft:sand":19,"minecraft:oak_log":6,"minecraft:lily_pad":1,"minecraft:yellow_bed":1,"minecraft:stone_shovel":1,"minecraft:apple":2,"minecraft:beef":2,"minecraft:oak_sapling":1,"minecraft:sunflower":1},"minecraft:crafted":{"minecraft:oak_boat":1,"minecraft:oak_planks":22,"minecraft:crafting_table":1,"minecraft:stick":4},"minecraft:killed_by":{"minecraft:player":1,"minecraft:skeleton":1},"minecraft:custom":{"minecraft:time_since_rest":433,"minecraft:sprint_one_cm":68087,"minecraft:damage_taken":540,"minecraft:walk_one_cm":49943,"minecraft:mob_kills":1,"minecraft:damage_dealt":255,"minecraft:interact_with_crafting_table":3,"minecraft:swim_one_cm":1960,"minecraft:fly_one_cm":34316,"minecraft:open_chest":2,"minecraft:crouch_one_cm":1008,"minecraft:play_time":29279,"minecraft:deaths":2,"minecraft:sneak_time":230,"minecraft:walk_under_water_one_cm":6205,"minecraft:boat_one_cm":444245,"minecraft:jump":188,"minecraft:walk_on_water_one_cm":16067,"minecraft:time_since_death":163,"minecraft:sleep_in_bed":1,"minecraft:climb_one_cm":625,"minecraft:total_world_time":29279,"minecraft:fall_one_cm":4850}},"DataVersion":3465}