{"stats":{"minecraft:killed":{"minecraft:cow":1},"minecraft:mined":{"minecraft:grass":12,"minecraft:seagrass":1,"minecraft:oak_log":3,"minecraft:vine":4,"minecraft:brown_mushroom":1,"minecraft:dead_bush":2,"minecraft:sugar_cane":2,"minecraft:oak_leaves":8},"minecraft:custom":{"minecraft:time_since_rest":11216,"minecraft:play_time":11216,"minecraft:sprint_one_cm":54,"minecraft:damage_taken":10,"minecraft:walk_one_cm":23100,"minecraft:walk_under_water_one_cm":1167,"minecraft:mob_kills":1,"minecraft:jump":20,"minecraft:damage_dealt":136,"minecraft:leave_game":1,"minecraft:time_since_death":11216,"minecraft:walk_on_water_one_cm":6665,"minecraft:total_world_time":11216,"minecraft:fly_one_cm":128},"minecraft:picked_up":{"minecraft:stick":2,"minecraft:leather":1,"minecraft:brown_mushroom":1,"minecraft:wheat_seeds":1,"minecraft:beef":2,"minecraft:oak_log":3,"minecraft:sugar_cane":2}},"DataVersion":3465}