{"stats":{"minecraft:mined":{"minecraft:spruce_planks":8,"minecraft:iron_ore":3,"minecraft:spruce_log":6,"minecraft:potted_red_mushroom":1,"minecraft:pumpkin":4,"minecraft:crafting_table":5,"minecraft:grass":2,"minecraft:coal_ore":8,"minecraft:oak_log":2,"minecraft:jungle_planks":1,"minecraft:jungle_log":2,"minecraft:gravel":4,"minecraft:dirt":1,"minecraft:copper_ore":14,"minecraft:stone":6,"minecraft:sugar_cane":1,"minecraft:spruce_slab":7,"minecraft:oak_leaves":5},"minecraft:killed":{"minecraft:sheep":3,"minecraft:zombie":1,"minecraft:salmon":4,"minecraft:cow":1},"minecraft:used":{"minecraft:spruce_boat":1,"minecraft:wooden_axe":37,"minecraft:apple":2,"minecraft:stone_pickaxe":33,"minecraft:bread":4,"minecraft:spruce_planks":1,"minecraft:wooden_pickaxe":3,"minecraft:wooden_sword":6,"minecraft:crafting_table":6},"minecraft:dropped":{"minecraft:poppy":4,"minecraft:leather":1,"minecraft:red_mushroom":1},"minecraft:picked_up":{"minecraft:crafting_table":5,"minecraft:raw_iron":3,"minecraft:flower_pot":1,"minecraft:pumpkin":4,"minecraft:salmon":2,"minecraft:jungle_log":2,"minecraft:leather":2,"minecraft:brown_mushroom":1,"minecraft:red_mushroom":1,"minecraft:gravel":3,"minecraft:filled_map":1,"minecraft:flint":1,"minecraft:oak_log":2,"minecraft:spruce_log":5,"minecraft:gunpowder":1,"minecraft:dirt":1,"minecraft:raw_copper":50,"minecraft:rotten_flesh":4,"minecraft:spruce_planks":8,"minecraft:beef":3,"minecraft:poppy":2,"minecraft:spruce_slab":7,"minecraft:sugar_cane":2,"minecraft:mutton":4,"minecraft:coal":8,"minecraft:white_wool":2,"minecraft:cobblestone":6},"minecraft:crafted":{"minecraft:wooden_sword":1,"minecraft:oak_planks":8,"minecraft:crafting_table":1,"minecraft:stick":8,"minecraft:spruce_planks":20,"minecraft:wooden_pickaxe":1,"minecraft:stone_pickaxe":1,"minecraft:wooden_axe":1,"minecraft:spruce_boat":1},"minecraft:custom":{"minecraft:time_since_rest":19714,"minecraft:sprint_one_cm":100451,"minecraft:damage_taken":190,"minecraft:walk_one_cm":80476,"minecraft:mob_kills":9,"minecraft:drop":4,"minecraft:damage_dealt":649,"minecraft:interact_with_crafting_table":7,"minecraft:fly_one_cm":14366,"minecraft:open_chest":10,"minecraft:crouch_one_cm":38,"minecraft:play_time":28526,"minecraft:sneak_time":264,"minecraft:walk_under_water_one_cm":26047,"minecraft:boat_one_cm":217305,"minecraft:jump":256,"minecraft:leave_game":2,"minecraft:time_since_death":28526,"minecraft:total_world_time":28526,"minecraft:walk_on_water_one_cm":16401,"minecraft:sleep_in_bed":1,"minecraft:climb_one_cm":1848,"minecraft:fall_one_cm":4875}},"DataVersion":3465}