{"stats":{"minecraft:picked_up":{"minecraft:cocoa_beans":12,"minecraft:crafting_table":1,"minecraft:jungle_log":8,"minecraft:acacia_log":14,"minecraft:dirt":17,"minecraft:wheat_seeds":5,"minecraft:calcite":39,"minecraft:coal":1,"minecraft:cobblestone":20},"minecraft:used":{"minecraft:wooden_axe":10,"minecraft:stone_pickaxe":15,"minecraft:wooden_pickaxe":61,"minecraft:crafting_table":2},"minecraft:custom":{"minecraft:time_since_rest":14267,"minecraft:sprint_one_cm":13362,"minecraft:damage_taken":110,"minecraft:walk_one_cm":28379,"minecraft:drop":3,"minecraft:interact_with_crafting_table":3,"minecraft:swim_one_cm":1161,"minecraft:fly_one_cm":1589,"minecraft:play_time":14267,"minecraft:sneak_time":1,"minecraft:walk_under_water_one_cm":857,"minecraft:boat_one_cm":211747,"minecraft:jump":64,"minecraft:time_since_death":14267,"minecraft:walk_on_water_one_cm":637,"minecraft:climb_one_cm":181,"minecraft:total_world_time":14267,"minecraft:fall_one_cm":267},"minecraft:mined":{"minecraft:podzol":3,"minecraft:crafting_table":1,"minecraft:grass":22,"minecraft:acacia_log":14,"minecraft:grass_block":8,"minecraft:calcite":39,"minecraft:coal_ore":1,"minecraft:cocoa":4,"minecraft:vine":3,"minecraft:jungle_log":7,"minecraft:dirt":6,"minecraft:stone":21,"minecraft:fern":9},"minecraft:dropped":{"minecraft:wheat_seeds":2,"minecraft:wooden_pickaxe":1},"minecraft:crafted":{"minecraft:crafting_table":1,"minecraft:stick":12,"minecraft:wooden_pickaxe":2,"minecraft:stone_pickaxe":1,"minecraft:wooden_axe":1,"minecraft:acacia_planks":28}},"DataVersion":3465}