{"stats":{"minecraft:picked_up":{"minecraft:cocoa_beans":12,"minecraft:charcoal":19,"minecraft:crafting_table":4,"minecraft:chicken":16,"minecraft:flower_pot":4,"minecraft:salmon":1,"minecraft:jungle_log":21,"minecraft:golden_leggings":2,"minecraft:potato":16,"minecraft:enchanted_book":1,"minecraft:yellow_bed":3,"minecraft:cornflower":1,"minecraft:dirt":17,"minecraft:raw_copper":13,"minecraft:cooked_mutton":1,"minecraft:item_frame":8,"minecraft:glass":1,"minecraft:experience_bottle":4,"minecraft:stone_bricks":1,"minecraft:apple":1,"minecraft:wheat_seeds":8,"minecraft:smooth_stone":1,"minecraft:iron_ingot":7,"minecraft:calcite":39,"minecraft:melon_slice":21,"minecraft:chest":1,"minecraft:acacia_sapling":1,"minecraft:egg":1,"minecraft:furnace":1,"minecraft:book":8,"minecraft:raw_iron":14,"minecraft:stone":3,"minecraft:acacia_fence":1,"minecraft:pumpkin":8,"minecraft:torch":6,"minecraft:acacia_log":14,"minecraft:sand":236,"minecraft:acacia_stairs":1,"minecraft:tnt":2,"minecraft:arrow":18,"minecraft:stone_sword":2,"minecraft:rotten_flesh":1,"minecraft:hay_block":7,"minecraft:gold_ingot":7,"minecraft:emerald":3,"minecraft:melon_seeds":1,"minecraft:skeleton_skull":1,"minecraft:coal":10,"minecraft:white_wool":3,"minecraft:cobblestone":122},"minecraft:used":{"minecraft:stone_pickaxe":25,"minecraft:chest":1,"minecraft:wooden_pickaxe":84,"minecraft:wooden_shovel":59,"minecraft:jungle_boat":1,"minecraft:sand":23,"minecraft:crafting_table":7,"minecraft:wooden_axe":83,"minecraft:bread":4,"minecraft:iron_pickaxe":72,"minecraft:item_frame":8,"minecraft:cobblestone":44,"travelersbackpack:standard":3,"minecraft:jungle_door":1,"minecraft:yellow_bed":3,"minecraft:experience_bottle":4,"minecraft:smooth_stone":1},"minecraft:killed_by":{"minecraft:drowned":1},"minecraft:custom":{"minecraft:interact_with_furnace":8,"minecraft:interact_with_crafting_table":26,"minecraft:leave_game":2,"minecraft:time_since_death":58725,"minecraft:sleep_in_bed":4,"minecraft:climb_one_cm":181,"minecraft:time_since_rest":2936,"minecraft:sprint_one_cm":120322,"minecraft:damage_taken":560,"minecraft:walk_one_cm":251820,"minecraft:drop":13,"minecraft:damage_dealt":10,"minecraft:talked_to_villager":1,"minecraft:swim_one_cm":38386,"minecraft:fly_one_cm":14395,"minecraft:open_chest":31,"minecraft:crouch_one_cm":6684,"minecraft:play_time":77175,"minecraft:deaths":1,"minecraft:sneak_time":1934,"minecraft:walk_under_water_one_cm":13202,"minecraft:boat_one_cm":555862,"minecraft:jump":439,"minecraft:walk_on_water_one_cm":14527,"minecraft:total_world_time":77175,"minecraft:fall_one_cm":12022},"minecraft:mined":{"minecraft:podzol":3,"minecraft:acacia_leaves":1,"minecraft:glass_pane":2,"minecraft:crafting_table":4,"minecraft:cornflower":1,"minecraft:acacia_log":14,"minecraft:calcite":39,"minecraft:grass_block":8,"minecraft:melon":4,"minecraft:chest":1,"minecraft:jungle_log":21,"minecraft:campfire":8,"minecraft:copper_ore":3,"minecraft:cobblestone":1,"minecraft:sugar_cane":15,"minecraft:wall_torch":8,"minecraft:skeleton_skull":1,"minecraft:hay_block":7,"minecraft:smooth_stone":1,"minecraft:furnace":1,"minecraft:black_glazed_terracotta":3,"minecraft:iron_ore":7,"minecraft:suspicious_sand":1,"minecraft:acacia_stairs":1,"minecraft:pumpkin":4,"minecraft:tnt":2,"minecraft:yellow_bed":3,"minecraft:grass":26,"minecraft:bookshelf":1,"minecraft:coal_ore":12,"minecraft:vine":5,"minecraft:cocoa":4,"minecraft:dirt":6,"minecraft:acacia_fence":1,"minecraft:sand":222,"minecraft:flower_pot":1,"minecraft:stone":91,"minecraft:cake":1,"minecraft:fern":9},"minecraft:broken":{"minecraft:wooden_shovel":1,"minecraft:wooden_axe":1},"minecraft:dropped":{"minecraft:wheat_seeds":5,"minecraft:crafting_table":1,"minecraft:acacia_stairs":1,"minecraft:stone":4,"minecraft:flower_pot":2,"minecraft:melon_seeds":1,"minecraft:acacia_sapling":1,"minecraft:pumpkin":4,"minecraft:stone_bricks":1,"minecraft:wooden_pickaxe":1},"minecraft:crafted":{"minecraft:wooden_shovel":1,"minecraft:crafting_table":4,"crafteableitems:rottenleather":5,"minecraft:jungle_boat":1,"travelersbackpack:standard":1,"travelersbackpack:backpack_tank":2,"minecraft:wooden_pickaxe":3,"travelersbackpack:blue_sleeping_bag":1,"minecraft:air":0,"minecraft:jungle_planks":52,"minecraft:blue_dye":1,"minecraft:glass":32,"minecraft:jungle_door":3,"travelersbackpack:white_sleeping_bag":1,"minecraft:leather":5,"minecraft:stick":24,"minecraft:stone_pickaxe":1,"minecraft:wooden_axe":2,"minecraft:chest":1,"minecraft:acacia_planks":28,"minecraft:shears":1}},"DataVersion":3465}