{"stats":{"minecraft:killed":{"minecraft:salmon":4,"minecraft:sheep":4,"minecraft:zombie":1,"minecraft:cow":1},"minecraft:used":{"minecraft:flint_and_steel":4,"minecraft:stone_shovel":78,"minecraft:stone_pickaxe":169,"minecraft:spruce_planks":2,"minecraft:wooden_pickaxe":59,"minecraft:iron_sword":5,"minecraft:wooden_shovel":118,"minecraft:cooked_salmon":4,"minecraft:oak_door":8,"minecraft:torch":5,"minecraft:sand":67,"minecraft:tnt":1,"minecraft:crafting_table":12,"minecraft:white_bed":3,"minecraft:shears":1,"minecraft:spruce_boat":4,"minecraft:wooden_axe":50,"minecraft:apple":6,"minecraft:bread":4,"minecraft:stone_axe":11,"minecraft:wooden_sword":6,"minecraft:cobblestone":23,"minecraft:yellow_bed":2,"minecraft:oak_boat":1,"minecraft:egg":2,"minecraft:potato":15},"minecraft:mined":{"minecraft:white_bed":3,"minecraft:spruce_planks":8,"minecraft:crafting_table":10,"minecraft:granite":11,"minecraft:grass_block":3,"minecraft:jungle_planks":1,"minecraft:jungle_log":2,"minecraft:copper_ore":14,"minecraft:tall_grass":10,"minecraft:cobblestone":5,"minecraft:sugar_cane":1,"minecraft:sandstone":44,"minecraft:carrots":1,"minecraft:iron_ore":3,"minecraft:wheat":1,"minecraft:spruce_log":6,"minecraft:andesite":14,"minecraft:potted_red_mushroom":1,"minecraft:pumpkin":4,"minecraft:bee_nest":1,"minecraft:yellow_bed":4,"minecraft:grass":13,"minecraft:potatoes":1,"minecraft:oak_log":17,"minecraft:coal_ore":8,"minecraft:gravel":5,"minecraft:sand":337,"minecraft:dirt":2,"minecraft:stone":39,"minecraft:oak_leaves":6,"minecraft:spruce_slab":7},"minecraft:broken":{"minecraft:stone_pickaxe":1,"minecraft:wooden_shovel":2,"minecraft:wooden_axe":1,"minecraft:wooden_pickaxe":1},"minecraft:picked_up":{"minecraft:crafting_table":10,"minecraft:flower_pot":1,"minecraft:andesite":14,"minecraft:salmon":2,"minecraft:jungle_log":2,"minecraft:leather":2,"minecraft:brown_mushroom":1,"minecraft:red_mushroom":1,"minecraft:potato":1,"minecraft:filled_map":1,"minecraft:flint":1,"minecraft:oak_log":17,"minecraft:yellow_bed":3,"minecraft:gunpowder":1,"minecraft:dirt":7,"minecraft:raw_copper":50,"minecraft:bone":2,"minecraft:apple":5,"minecraft:kelp":1,"minecraft:wheat_seeds":4,"minecraft:spruce_planks":10,"minecraft:beef":3,"minecraft:oak_boat":1,"minecraft:poppy":2,"minecraft:spruce_slab":7,"minecraft:iron_sword":1,"minecraft:sugar_cane":2,"minecraft:honeycomb":3,"minecraft:egg":5,"minecraft:stick":8,"minecraft:raw_iron":3,"minecraft:sandstone":12,"minecraft:oak_door":5,"minecraft:pumpkin":4,"minecraft:gravel":4,"minecraft:sand":257,"minecraft:carrot":1,"minecraft:ink_sac":2,"minecraft:white_bed":3,"minecraft:spruce_log":5,"minecraft:diamond":3,"minecraft:rotten_flesh":5,"minecraft:stone_axe":1,"minecraft:spruce_boat":2,"minecraft:granite":11,"minecraft:emerald":12,"minecraft:oak_sapling":4,"minecraft:mutton":6,"minecraft:coal":8,"minecraft:white_wool":5,"minecraft:cobblestone":61},"minecraft:dropped":{"minecraft:oak_door":3,"minecraft:wheat_seeds":2,"minecraft:kelp":1,"minecraft:wheat":10,"minecraft:feather":6,"minecraft:cobblestone":1,"minecraft:leather":2,"minecraft:red_mushroom":1,"minecraft:filled_map":2,"minecraft:poppy":4,"minecraft:gunpowder":2,"minecraft:oak_sapling":1,"minecraft:spruce_slab":7,"minecraft:sand":116},"minecraft:crafted":{"minecraft:wooden_sword":1,"minecraft:oak_door":6,"minecraft:oak_planks":44,"minecraft:wooden_shovel":2,"minecraft:stone_shovel":1,"minecraft:crafting_table":4,"minecraft:spruce_planks":20,"minecraft:wooden_pickaxe":1,"minecraft:jungle_planks":8,"minecraft:flint_and_steel":1,"minecraft:diamond_pickaxe":1,"minecraft:stick":20,"minecraft:stone_pickaxe":3,"minecraft:wooden_axe":1,"minecraft:white_bed":1,"minecraft:spruce_boat":2,"minecraft:torch":16,"minecraft:shears":1},"minecraft:custom":{"minecraft:mob_kills":10,"minecraft:interact_with_crafting_table":18,"minecraft:bell_ring":13,"minecraft:leave_game":3,"minecraft:time_since_death":10511,"minecraft:sleep_in_bed":12,"minecraft:climb_one_cm":2005,"minecraft:time_since_rest":5353,"minecraft:sprint_one_cm":302269,"minecraft:damage_taken":880,"minecraft:walk_one_cm":231332,"minecraft:drop":43,"minecraft:damage_dealt":1164,"minecraft:talked_to_villager":4,"minecraft:swim_one_cm":3520,"minecraft:fly_one_cm":56656,"minecraft:player_kills":2,"minecraft:open_chest":14,"minecraft:crouch_one_cm":2306,"minecraft:play_time":103511,"minecraft:deaths":1,"minecraft:sneak_time":3035,"minecraft:walk_under_water_one_cm":66165,"minecraft:boat_one_cm":725985,"minecraft:jump":890,"minecraft:walk_on_water_one_cm":45101,"minecraft:total_world_time":103511,"minecraft:fall_one_cm":11589}},"DataVersion":3465}