{"stats":{"minecraft:mined":{"minecraft:spruce_planks":8,"minecraft:white_bed":6,"minecraft:cobblestone_stairs":1,"minecraft:sculk_vein":27,"minecraft:brewing_stand":1,"minecraft:granite":117,"minecraft:acacia_log":8,"minecraft:grass_block":37,"minecraft:jungle_log":2,"minecraft:spawner":2,"minecraft:iron_ore":51,"minecraft:sticky_piston":3,"minecraft:fire":6,"minecraft:potted_red_mushroom":1,"minecraft:pumpkin":4,"minecraft:pointed_dripstone":7,"minecraft:spruce_slab":7,"minecraft:tripwire":2,"minecraft:deepslate_redstone_ore":2,"minecraft:kelp_plant":3,"minecraft:medium_amethyst_bud":1,"minecraft:amethyst_cluster":2,"minecraft:torch":4,"minecraft:calcite":11,"minecraft:melon":8,"minecraft:cobblestone":19,"minecraft:sugar_cane":1,"minecraft:oak_planks":83,"minecraft:wall_torch":2,"minecraft:amethyst_block":25,"minecraft:repeater":1,"minecraft:wheat":2,"minecraft:grass":44,"minecraft:oak_log":19,"minecraft:beetroots":2,"minecraft:sand":339,"minecraft:dirt":32,"minecraft:smooth_basalt":20,"minecraft:tripwire_hook":1,"minecraft:oak_leaves":17,"minecraft:deepslate":183,"minecraft:tuff":48,"minecraft:mossy_cobblestone":11,"minecraft:deepslate_diamond_ore":2,"minecraft:dark_oak_log":4,"minecraft:glow_lichen":2,"minecraft:dark_oak_fence":6,"minecraft:jungle_planks":1,"minecraft:redstone_wire":2,"minecraft:kelp":2,"minecraft:sandstone":44,"minecraft:furnace":7,"minecraft:carrots":11,"minecraft:andesite":106,"minecraft:potatoes":1,"minecraft:deepslate_iron_ore":5,"minecraft:rail":3,"minecraft:bamboo_sapling":1,"minecraft:bamboo":18,"minecraft:stone":801,"minecraft:acacia_leaves":39,"minecraft:crafting_table":16,"minecraft:tall_grass":14,"minecraft:copper_ore":34,"minecraft:deepslate_coal_ore":5,"minecraft:lapis_ore":4,"minecraft:deepslate_gold_ore":2,"minecraft:lily_pad":1,"minecraft:sculk":133,"minecraft:diorite":63,"minecraft:spruce_log":6,"minecraft:birch_leaves":1,"minecraft:bee_nest":1,"minecraft:yellow_bed":12,"minecraft:coal_ore":74,"minecraft:cherry_leaves":57,"minecraft:gravel":75,"minecraft:dripstone_block":17,"minecraft:cobweb":35,"minecraft:gold_ore":3,"minecraft:fern":2},"minecraft:custom":{"minecraft:interact_with_crafting_table":53,"minecraft:bell_ring":23,"minecraft:leave_game":8,"minecraft:time_since_death":7713,"minecraft:sprint_one_cm":802347,"minecraft:damage_blocked_by_shield":2285,"minecraft:drop":97,"minecraft:talked_to_villager":4,"minecraft:play_time":412780,"minecraft:deaths":6,"minecraft:jump":4802,"minecraft:walk_on_water_one_cm":152228,"minecraft:interact_with_furnace":70,"minecraft:sleep_in_bed":25,"minecraft:damage_dealt":8495,"minecraft:player_kills":3,"minecraft:crouch_one_cm":11805,"minecraft:interact_with_smithing_table":1,"minecraft:mob_kills":50,"minecraft:climb_one_cm":3202,"minecraft:walk_one_cm":1188368,"minecraft:sneak_time":7649,"minecraft:walk_under_water_one_cm":146738,"minecraft:boat_one_cm":1383950,"minecraft:total_world_time":412780,"minecraft:time_since_rest":7753,"minecraft:damage_taken":4046,"minecraft:swim_one_cm":32604,"minecraft:fly_one_cm":161456,"minecraft:open_chest":76,"minecraft:fall_one_cm":72992},"minecraft:killed_by":{"minecraft:enderman":2},"minecraft:dropped":{"minecraft:iron_sword":1,"minecraft:leather":2,"minecraft:red_mushroom":1,"minecraft:cobblestone_stairs":3,"minecraft:dirt":26,"minecraft:cherry_leaves":4,"minecraft:sand":116,"minecraft:iron_pickaxe":1,"minecraft:bone":3,"minecraft:oak_door":3,"minecraft:gravel":61,"minecraft:cooked_chicken":1,"minecraft:wheat":10,"minecraft:cherry_sapling":2,"minecraft:rotten_flesh":1,"minecraft:oak_planks":18,"minecraft:poppy":4,"minecraft:gunpowder":2,"minecraft:beetroot_seeds":4,"minecraft:melon_seeds":1,"minecraft:spruce_slab":7,"minecraft:egg":3,"minecraft:bread":11,"minecraft:wheat_seeds":8,"minecraft:mossy_cobblestone":12,"minecraft:feather":7,"minecraft:cobblestone":1,"minecraft:granite":8,"minecraft:coal":10,"minecraft:diorite":7,"minecraft:torch":6,"minecraft:iron_leggings":1,"minecraft:furnace":3,"minecraft:kelp":3,"minecraft:bowl":2,"minecraft:tuff":24,"minecraft:stone_shovel":1,"minecraft:filled_map":3,"minecraft:spruce_planks":2,"minecraft:andesite":45,"minecraft:yellow_bed":2,"minecraft:oak_sapling":5,"minecraft:bamboo":3},"minecraft:broken":{"minecraft:wooden_shovel":2,"minecraft:stone_pickaxe":1,"minecraft:iron_sword":1,"minecraft:wooden_axe":1,"minecraft:wooden_pickaxe":1,"minecraft:iron_pickaxe":1,"minecraft:golden_pickaxe":1},"minecraft:killed":{"minecraft:cave_spider":1,"minecraft:spider":2,"minecraft:cod":2,"minecraft:pufferfish":1,"minecraft:chicken":2,"minecraft:tropical_fish":1,"minecraft:pig":4,"minecraft:zombie_villager":1,"minecraft:salmon":4,"minecraft:sheep":10,"minecraft:pillager":7,"minecraft:zombie":10,"minecraft:cow":2,"minecraft:enderman":1},"minecraft:picked_up":{"minecraft:iron_chestplate":3,"minecraft:wheat":39,"minecraft:flower_pot":1,"minecraft:brewing_stand":2,"minecraft:amethyst_block":14,"minecraft:string":26,"minecraft:raw_copper":153,"minecraft:cooked_salmon":4,"minecraft:iron_leggings":3,"minecraft:sticky_piston":6,"minecraft:pufferfish":2,"minecraft:beetroot":1,"minecraft:cobbled_deepslate":142,"minecraft:bucket":2,"minecraft:spruce_planks":12,"minecraft:iron_pickaxe":4,"minecraft:melon_slice":38,"minecraft:furnace":11,"minecraft:iron_boots":2,"minecraft:stick":20,"minecraft:torch":29,"minecraft:acacia_log":8,"minecraft:porkchop":8,"minecraft:diorite":49,"minecraft:stone_sword":1,"minecraft:rotten_flesh":15,"minecraft:tropical_fish":1,"minecraft:cod":2,"minecraft:cobblestone":519,"minecraft:feather":1,"minecraft:cooked_beef":2,"minecraft:water_bucket":1,"minecraft:cherry_leaves":4,"minecraft:andesite":118,"minecraft:jungle_log":2,"minecraft:golden_leggings":2,"minecraft:potato":1,"minecraft:flint":8,"minecraft:tuff":45,"minecraft:acacia_boat":1,"minecraft:dirt":64,"minecraft:bone":14,"minecraft:acacia_planks":64,"minecraft:bow":1,"minecraft:wheat_seeds":13,"minecraft:raw_gold":5,"minecraft:bamboo":19,"minecraft:oak_planks":107,"minecraft:honeycomb":3,"minecraft:cooked_porkchop":8,"minecraft:sand":260,"minecraft:ink_sac":2,"minecraft:dark_oak_log":3,"minecraft:mossy_cobblestone":12,"minecraft:iron_hoe":1,"minecraft:diamond":6,"minecraft:spruce_boat":2,"minecraft:crossbow":1,"minecraft:granite":91,"minecraft:golden_apple":2,"minecraft:bread":7,"minecraft:golden_horse_armor":1,"minecraft:emerald":12,"minecraft:oak_sapling":5,"minecraft:dark_oak_fence":4,"minecraft:diamond_pickaxe":2,"minecraft:crafting_table":18,"minecraft:chicken":2,"minecraft:golden_pickaxe":1,"minecraft:brown_mushroom":1,"minecraft:shield":4,"minecraft:flint_and_steel":3,"minecraft:beef":8,"minecraft:oak_boat":1,"minecraft:poppy":2,"minecraft:spruce_slab":7,"minecraft:sugar_cane":2,"minecraft:egg":8,"minecraft:raw_iron":57,"minecraft:sandstone":12,"minecraft:oak_door":5,"minecraft:copper_ingot":36,"minecraft:bowl":4,"minecraft:carrot":16,"minecraft:redstone":4,"minecraft:prismarine_crystals":15,"minecraft:cooked_cod":1,"minecraft:arrow":13,"minecraft:stone_shovel":2,"minecraft:beetroot_seeds":4,"minecraft:shears":1,"minecraft:saddle":1,"minecraft:gold_ingot":7,"minecraft:mutton":12,"minecraft:white_wool":11,"minecraft:rail":6,"minecraft:glow_ink_sac":3,"minecraft:salmon":2,"minecraft:leather":2,"minecraft:red_mushroom":3,"minecraft:filled_map":1,"minecraft:oak_log":19,"minecraft:yellow_bed":14,"minecraft:gunpowder":1,"minecraft:cobblestone_stairs":3,"minecraft:white_banner":3,"minecraft:apple":5,"minecraft:kelp":3,"minecraft:heart_of_the_sea":4,"minecraft:iron_ingot":2,"minecraft:cooked_chicken":1,"minecraft:iron_sword":4,"minecraft:book":2,"minecraft:pumpkin":4,"minecraft:spyglass":1,"minecraft:dripstone_block":10,"minecraft:gravel":65,"minecraft:amethyst_shard":4,"minecraft:white_bed":7,"minecraft:spruce_log":5,"minecraft:pumpkin_seeds":61,"minecraft:stone_axe":1,"minecraft:iron_helmet":2,"minecraft:cherry_sapling":3,"minecraft:melon_seeds":3,"minecraft:coal":97},"minecraft:used":{"minecraft:beetroot":1,"minecraft:chest":1,"minecraft:shield":89,"minecraft:iron_sword":260,"minecraft:carrot":22,"minecraft:spruce_boat":4,"minecraft:furnace":8,"minecraft:cooked_cod":5,"minecraft:egg":2,"minecraft:potato":16,"minecraft:stone_pickaxe":186,"minecraft:wooden_pickaxe":59,"travelersbackpack:blue_sleeping_bag":1,"minecraft:sand":67,"minecraft:crossbow":2,"minecraft:shears":96,"minecraft:bread":9,"minecraft:melon_slice":6,"minecraft:wooden_sword":6,"minecraft:andesite":1,"minecraft:oak_boat":1,"minecraft:golden_pickaxe":64,"minecraft:experience_bottle":1,"minecraft:stone_sword":28,"minecraft:flint_and_steel":60,"minecraft:stone_shovel":143,"minecraft:spruce_planks":2,"minecraft:wooden_shovel":118,"minecraft:cooked_salmon":4,"minecraft:cooked_chicken":1,"minecraft:oak_door":8,"minecraft:torch":139,"minecraft:dirt":27,"minecraft:wooden_axe":50,"minecraft:bamboo":1,"minecraft:cooked_beef":5,"minecraft:cobbled_deepslate":61,"minecraft:acacia_boat":1,"minecraft:water_bucket":5,"minecraft:tnt":1,"minecraft:crafting_table":23,"minecraft:white_bed":7,"minecraft:diamond_pickaxe":1247,"minecraft:apple":8,"minecraft:iron_pickaxe":377,"minecraft:stone_axe":73,"minecraft:cobblestone":168,"minecraft:white_banner":1,"minecraft:cooked_porkchop":8,"minecraft:bucket":4,"minecraft:yellow_bed":10},"minecraft:crafted":{"minecraft:oak_planks":76,"minecraft:cooked_chicken":2,"minecraft:bow":2,"minecraft:iron_boots":1,"minecraft:chest":1,"minecraft:oak_button":1,"minecraft:wooden_shovel":2,"minecraft:cooked_porkchop":8,"minecraft:crafting_table":8,"minecraft:spruce_planks":20,"minecraft:wooden_pickaxe":1,"minecraft:iron_helmet":1,"minecraft:copper_ingot":21,"travelersbackpack:blue_sleeping_bag":1,"minecraft:iron_chestplate":1,"minecraft:diamond_pickaxe":1,"minecraft:stick":68,"minecraft:iron_ingot":128,"minecraft:iron_pickaxe":2,"minecraft:stone_sword":1,"minecraft:gold_ingot":11,"minecraft:shears":2,"minecraft:wooden_sword":1,"minecraft:oak_door":6,"minecraft:stone_shovel":2,"minecraft:furnace":3,"minecraft:flint_and_steel":1,"travelersbackpack:white_sleeping_bag":1,"minecraft:iron_hoe":1,"minecraft:stone_pickaxe":3,"minecraft:spruce_boat":2,"minecraft:cooked_beef":5,"minecraft:cooked_cod":2,"minecraft:iron_sword":1,"minecraft:stone_axe":1,"minecraft:bread":13,"minecraft:air":0,"minecraft:jungle_planks":8,"minecraft:blue_dye":1,"minecraft:white_wool":3,"minecraft:wooden_axe":1,"minecraft:iron_leggings":1,"minecraft:white_bed":2,"minecraft:acacia_planks":12,"minecraft:torch":140}},"DataVersion":3465}