{"stats":{"minecraft:picked_up":{"minecraft:cocoa_beans":12,"minecraft:charcoal":8,"minecraft:crafting_table":3,"minecraft:chicken":8,"minecraft:flower_pot":2,"minecraft:jungle_log":21,"minecraft:golden_leggings":2,"minecraft:potato":8,"minecraft:yellow_bed":2,"minecraft:dirt":17,"minecraft:raw_copper":13,"minecraft:item_frame":8,"minecraft:experience_bottle":3,"minecraft:apple":1,"minecraft:wheat_seeds":5,"minecraft:iron_ingot":5,"minecraft:calcite":39,"minecraft:melon_slice":21,"minecraft:book":8,"minecraft:acacia_fence":1,"minecraft:pumpkin":4,"minecraft:acacia_log":14,"minecraft:sand":193,"minecraft:tnt":2,"minecraft:arrow":12,"minecraft:stone_sword":2,"minecraft:rotten_flesh":1,"minecraft:hay_block":7,"minecraft:gold_ingot":5,"minecraft:emerald":3,"minecraft:melon_seeds":1,"minecraft:skeleton_skull":1,"minecraft:coal":7,"minecraft:cobblestone":22},"minecraft:used":{"minecraft:stone_pickaxe":25,"minecraft:wooden_pickaxe":66,"minecraft:wooden_shovel":59,"minecraft:jungle_boat":1,"minecraft:sand":10,"minecraft:crafting_table":4,"minecraft:wooden_axe":42,"minecraft:bread":2,"minecraft:yellow_bed":1},"minecraft:killed_by":{"minecraft:drowned":1},"minecraft:custom":{"minecraft:interact_with_crafting_table":7,"minecraft:leave_game":2,"minecraft:time_since_death":28725,"minecraft:sleep_in_bed":2,"minecraft:climb_one_cm":181,"minecraft:time_since_rest":839,"minecraft:sprint_one_cm":61820,"minecraft:damage_taken":450,"minecraft:walk_one_cm":136874,"minecraft:drop":5,"minecraft:damage_dealt":0,"minecraft:talked_to_villager":1,"minecraft:swim_one_cm":33870,"minecraft:fly_one_cm":5108,"minecraft:open_chest":10,"minecraft:crouch_one_cm":68,"minecraft:play_time":47175,"minecraft:deaths":1,"minecraft:sneak_time":17,"minecraft:walk_under_water_one_cm":2651,"minecraft:boat_one_cm":555862,"minecraft:jump":253,"minecraft:walk_on_water_one_cm":4263,"minecraft:total_world_time":47175,"minecraft:fall_one_cm":7704},"minecraft:mined":{"minecraft:podzol":3,"minecraft:crafting_table":3,"minecraft:acacia_log":14,"minecraft:calcite":39,"minecraft:grass_block":8,"minecraft:melon":4,"minecraft:jungle_log":21,"minecraft:campfire":4,"minecraft:copper_ore":3,"minecraft:skeleton_skull":1,"minecraft:hay_block":7,"minecraft:pumpkin":4,"minecraft:tnt":2,"minecraft:yellow_bed":2,"minecraft:grass":24,"minecraft:bookshelf":1,"minecraft:coal_ore":7,"minecraft:vine":5,"minecraft:cocoa":4,"minecraft:dirt":6,"minecraft:acacia_fence":1,"minecraft:sand":195,"minecraft:flower_pot":1,"minecraft:stone":22,"minecraft:cake":1,"minecraft:fern":9},"minecraft:broken":{"minecraft:wooden_shovel":1},"minecraft:dropped":{"minecraft:wheat_seeds":2,"minecraft:flower_pot":1,"minecraft:melon_seeds":1,"minecraft:wooden_pickaxe":1},"minecraft:crafted":{"minecraft:wooden_shovel":1,"minecraft:crafting_table":2,"minecraft:jungle_boat":1,"minecraft:wooden_pickaxe":3,"minecraft:jungle_planks":28,"minecraft:stick":24,"minecraft:stone_pickaxe":1,"minecraft:wooden_axe":2,"minecraft:acacia_planks":28}},"DataVersion":3465}