{"stats":{"minecraft:picked_up":{"minecraft:cocoa_beans":12,"minecraft:crafting_table":3,"minecraft:jungle_log":21,"minecraft:acacia_log":14,"minecraft:sand":192,"minecraft:dirt":17,"minecraft:raw_copper":13,"minecraft:wheat_seeds":5,"minecraft:calcite":39,"minecraft:coal":7,"minecraft:cobblestone":21},"minecraft:used":{"minecraft:wooden_axe":20,"minecraft:stone_pickaxe":25,"minecraft:wooden_pickaxe":61,"minecraft:wooden_shovel":59,"minecraft:jungle_boat":1,"minecraft:crafting_table":4},"minecraft:killed_by":{"minecraft:drowned":1},"minecraft:custom":{"minecraft:time_since_rest":7843,"minecraft:sprint_one_cm":25421,"minecraft:damage_taken":290,"minecraft:walk_one_cm":59350,"minecraft:drop":3,"minecraft:interact_with_crafting_table":7,"minecraft:swim_one_cm":33870,"minecraft:fly_one_cm":2003,"minecraft:play_time":26267,"minecraft:deaths":1,"minecraft:sneak_time":1,"minecraft:walk_under_water_one_cm":2339,"minecraft:boat_one_cm":265522,"minecraft:jump":141,"minecraft:time_since_death":7817,"minecraft:walk_on_water_one_cm":3970,"minecraft:climb_one_cm":181,"minecraft:total_world_time":26267,"minecraft:fall_one_cm":2431},"minecraft:mined":{"minecraft:podzol":3,"minecraft:crafting_table":3,"minecraft:grass":22,"minecraft:acacia_log":14,"minecraft:grass_block":8,"minecraft:calcite":39,"minecraft:coal_ore":7,"minecraft:cocoa":4,"minecraft:vine":5,"minecraft:jungle_log":21,"minecraft:sand":194,"minecraft:dirt":6,"minecraft:copper_ore":3,"minecraft:stone":22,"minecraft:fern":9},"minecraft:broken":{"minecraft:wooden_shovel":1},"minecraft:dropped":{"minecraft:wheat_seeds":2,"minecraft:wooden_pickaxe":1},"minecraft:crafted":{"minecraft:wooden_shovel":1,"minecraft:crafting_table":2,"minecraft:stick":24,"minecraft:jungle_boat":1,"minecraft:wooden_pickaxe":3,"minecraft:stone_pickaxe":1,"minecraft:wooden_axe":2,"minecraft:acacia_planks":28,"minecraft:jungle_planks":28}},"DataVersion":3465}