{"stats":{"minecraft:killed":{"minecraft:spider":2,"minecraft:cod":2,"minecraft:pufferfish":1,"minecraft:chicken":2,"minecraft:tropical_fish":1,"minecraft:pig":4,"minecraft:zombie_villager":1,"minecraft:salmon":4,"minecraft:sheep":10,"minecraft:pillager":6,"minecraft:zombie":7,"minecraft:enderman":1,"minecraft:cow":2},"minecraft:mined":{"minecraft:tuff":5,"minecraft:spruce_planks":8,"minecraft:white_bed":6,"minecraft:mossy_cobblestone":11,"minecraft:deepslate_diamond_ore":2,"minecraft:sculk_vein":25,"minecraft:cobblestone_stairs":1,"minecraft:dark_oak_log":4,"minecraft:brewing_stand":1,"minecraft:glow_lichen":2,"minecraft:granite":19,"minecraft:dark_oak_fence":6,"minecraft:acacia_log":3,"minecraft:grass_block":27,"minecraft:jungle_planks":1,"minecraft:jungle_log":2,"minecraft:redstone_wire":2,"minecraft:kelp":2,"minecraft:sandstone":44,"minecraft:furnace":7,"minecraft:carrots":11,"minecraft:sticky_piston":3,"minecraft:fire":3,"minecraft:iron_ore":36,"minecraft:andesite":19,"minecraft:potted_red_mushroom":1,"minecraft:pumpkin":4,"minecraft:pointed_dripstone":1,"minecraft:potatoes":1,"minecraft:deepslate_iron_ore":2,"minecraft:bamboo_sapling":1,"minecraft:bamboo":18,"minecraft:stone":91,"minecraft:spruce_slab":7,"minecraft:tripwire":2,"minecraft:deepslate_redstone_ore":2,"minecraft:acacia_leaves":37,"minecraft:kelp_plant":3,"minecraft:crafting_table":13,"minecraft:torch":4,"minecraft:melon":8,"minecraft:copper_ore":19,"minecraft:tall_grass":14,"minecraft:cobblestone":14,"minecraft:deepslate_gold_ore":2,"minecraft:lapis_ore":4,"minecraft:lily_pad":1,"minecraft:sugar_cane":1,"minecraft:sculk":131,"minecraft:diorite":15,"minecraft:wall_torch":2,"minecraft:repeater":1,"minecraft:wheat":2,"minecraft:birch_leaves":1,"minecraft:spruce_log":6,"minecraft:bee_nest":1,"minecraft:yellow_bed":12,"minecraft:grass":44,"minecraft:oak_log":19,"minecraft:coal_ore":25,"minecraft:beetroots":2,"minecraft:cherry_leaves":57,"minecraft:dripstone_block":5,"minecraft:gravel":6,"minecraft:sand":339,"minecraft:dirt":16,"minecraft:tripwire_hook":1,"minecraft:deepslate":22,"minecraft:gold_ore":1,"minecraft:oak_leaves":17,"minecraft:fern":2},"minecraft:used":{"minecraft:beetroot":1,"minecraft:flint_and_steel":46,"minecraft:stone_shovel":78,"minecraft:spruce_planks":2,"minecraft:shield":54,"minecraft:iron_sword":207,"minecraft:cooked_salmon":4,"minecraft:oak_door":8,"minecraft:wooden_shovel":118,"minecraft:cooked_chicken":1,"minecraft:torch":45,"minecraft:dirt":4,"minecraft:carrot":22,"minecraft:spruce_boat":4,"minecraft:wooden_axe":50,"minecraft:bamboo":1,"minecraft:furnace":5,"minecraft:cooked_cod":5,"minecraft:egg":2,"minecraft:cooked_beef":5,"minecraft:potato":16,"minecraft:acacia_boat":1,"minecraft:water_bucket":4,"minecraft:stone_pickaxe":186,"minecraft:wooden_pickaxe":59,"minecraft:sand":67,"minecraft:tnt":1,"minecraft:crafting_table":17,"minecraft:crossbow":2,"minecraft:white_bed":7,"minecraft:shears":96,"minecraft:diamond_pickaxe":95,"minecraft:apple":8,"minecraft:melon_slice":6,"minecraft:bread":7,"minecraft:iron_pickaxe":221,"minecraft:stone_axe":11,"minecraft:wooden_sword":6,"minecraft:cobblestone":64,"minecraft:cooked_porkchop":3,"minecraft:bucket":4,"minecraft:andesite":1,"minecraft:yellow_bed":9,"minecraft:oak_boat":1,"minecraft:golden_pickaxe":24,"minecraft:experience_bottle":1},"minecraft:broken":{"minecraft:wooden_shovel":2,"minecraft:wooden_pickaxe":1,"minecraft:stone_pickaxe":1,"minecraft:wooden_axe":1},"minecraft:picked_up":{"minecraft:crafting_table":15,"minecraft:iron_chestplate":2,"minecraft:wheat":39,"minecraft:chicken":2,"minecraft:flower_pot":1,"minecraft:golden_pickaxe":1,"minecraft:brown_mushroom":1,"minecraft:brewing_stand":2,"minecraft:shield":3,"minecraft:cooked_salmon":4,"minecraft:raw_copper":132,"minecraft:flint_and_steel":3,"minecraft:iron_leggings":2,"minecraft:sticky_piston":6,"minecraft:pufferfish":2,"minecraft:beetroot":1,"minecraft:cobbled_deepslate":6,"minecraft:bucket":1,"minecraft:spruce_planks":12,"minecraft:beef":8,"minecraft:oak_boat":1,"minecraft:poppy":2,"minecraft:iron_pickaxe":3,"minecraft:spruce_slab":7,"minecraft:melon_slice":38,"minecraft:sugar_cane":2,"minecraft:iron_boots":1,"minecraft:furnace":11,"minecraft:egg":8,"minecraft:stick":16,"minecraft:raw_iron":38,"minecraft:sandstone":12,"minecraft:oak_door":5,"minecraft:copper_ingot":36,"minecraft:torch":27,"minecraft:bowl":4,"minecraft:acacia_log":3,"minecraft:porkchop":8,"minecraft:diorite":10,"minecraft:carrot":16,"minecraft:redstone":4,"minecraft:prismarine_crystals":15,"minecraft:cooked_cod":1,"minecraft:arrow":13,"minecraft:stone_shovel":2,"minecraft:rotten_flesh":15,"minecraft:tropical_fish":1,"minecraft:beetroot_seeds":4,"minecraft:shears":1,"minecraft:saddle":1,"minecraft:gold_ingot":7,"minecraft:mutton":12,"minecraft:cod":2,"minecraft:white_wool":11,"minecraft:cobblestone":161,"minecraft:feather":1,"minecraft:cooked_beef":2,"minecraft:cherry_leaves":4,"minecraft:andesite":20,"minecraft:water_bucket":1,"minecraft:salmon":2,"minecraft:jungle_log":2,"minecraft:leather":2,"minecraft:golden_leggings":2,"minecraft:red_mushroom":3,"minecraft:potato":1,"minecraft:filled_map":1,"minecraft:flint":1,"minecraft:tuff":5,"minecraft:oak_log":19,"minecraft:acacia_boat":1,"minecraft:yellow_bed":14,"minecraft:gunpowder":1,"minecraft:cobblestone_stairs":3,"minecraft:dirt":38,"minecraft:white_banner":2,"minecraft:bone":14,"minecraft:acacia_planks":64,"minecraft:apple":5,"minecraft:kelp":3,"minecraft:wheat_seeds":8,"minecraft:raw_gold":3,"minecraft:heart_of_the_sea":4,"minecraft:iron_ingot":2,"minecraft:cooked_chicken":1,"minecraft:bamboo":19,"minecraft:iron_sword":4,"minecraft:oak_planks":32,"minecraft:honeycomb":3,"minecraft:book":1,"minecraft:cooked_porkchop":8,"minecraft:pumpkin":4,"minecraft:gravel":7,"minecraft:sand":260,"minecraft:ink_sac":2,"minecraft:white_bed":7,"minecraft:spruce_log":5,"minecraft:dark_oak_log":3,"minecraft:mossy_cobblestone":12,"minecraft:pumpkin_seeds":44,"minecraft:diamond":6,"minecraft:spruce_boat":2,"minecraft:stone_axe":1,"minecraft:iron_helmet":1,"minecraft:crossbow":1,"minecraft:granite":11,"minecraft:cherry_sapling":3,"minecraft:golden_apple":2,"minecraft:bread":7,"minecraft:golden_horse_armor":1,"minecraft:emerald":12,"minecraft:oak_sapling":5,"minecraft:melon_seeds":3,"minecraft:dark_oak_fence":4,"minecraft:coal":45,"minecraft:diamond_pickaxe":2},"minecraft:dropped":{"minecraft:bread":7,"minecraft:iron_sword":1,"minecraft:wheat_seeds":8,"minecraft:mossy_cobblestone":12,"minecraft:feather":7,"minecraft:cobblestone":1,"minecraft:leather":2,"minecraft:coal":10,"minecraft:red_mushroom":1,"minecraft:cobblestone_stairs":3,"minecraft:dirt":26,"minecraft:diorite":7,"minecraft:torch":6,"minecraft:cherry_leaves":4,"minecraft:iron_leggings":1,"minecraft:sand":116,"minecraft:bone":3,"minecraft:oak_door":3,"minecraft:gravel":3,"minecraft:furnace":3,"minecraft:kelp":3,"minecraft:bowl":2,"minecraft:wheat":10,"minecraft:cherry_sapling":2,"minecraft:stone_shovel":1,"minecraft:rotten_flesh":1,"minecraft:oak_planks":18,"minecraft:filled_map":3,"minecraft:poppy":4,"minecraft:gunpowder":2,"minecraft:spruce_planks":2,"minecraft:melon_seeds":1,"minecraft:andesite":1,"minecraft:beetroot_seeds":4,"minecraft:yellow_bed":2,"minecraft:oak_sapling":5,"minecraft:bamboo":3,"minecraft:spruce_slab":7,"minecraft:egg":3},"minecraft:crafted":{"minecraft:wooden_sword":1,"minecraft:oak_door":6,"minecraft:oak_planks":76,"minecraft:stone_shovel":2,"minecraft:cooked_chicken":2,"minecraft:furnace":3,"minecraft:flint_and_steel":1,"minecraft:iron_boots":1,"minecraft:stone_pickaxe":3,"minecraft:spruce_boat":2,"minecraft:cooked_beef":5,"minecraft:cooked_cod":2,"minecraft:wooden_shovel":2,"minecraft:cooked_porkchop":8,"minecraft:crafting_table":6,"minecraft:spruce_planks":20,"minecraft:iron_helmet":1,"minecraft:wooden_pickaxe":1,"minecraft:iron_sword":1,"minecraft:copper_ingot":18,"minecraft:bread":13,"minecraft:air":0,"minecraft:jungle_planks":8,"minecraft:iron_chestplate":1,"minecraft:diamond_pickaxe":1,"minecraft:stick":28,"minecraft:iron_ingot":51,"minecraft:wooden_axe":1,"minecraft:iron_leggings":1,"minecraft:gold_ingot":3,"minecraft:white_bed":2,"minecraft:acacia_planks":12,"minecraft:torch":56,"minecraft:shears":2},"minecraft:killed_by":{"minecraft:enderman":2},"minecraft:custom":{"minecraft:interact_with_smithing_table":1,"minecraft:mob_kills":43,"minecraft:interact_with_crafting_table":38,"minecraft:bell_ring":23,"minecraft:leave_game":5,"minecraft:time_since_death":28805,"minecraft:climb_one_cm":3202,"minecraft:sprint_one_cm":712997,"minecraft:walk_one_cm":775957,"minecraft:damage_blocked_by_shield":1385,"minecraft:drop":89,"minecraft:talked_to_villager":4,"minecraft:play_time":258340,"minecraft:deaths":5,"minecraft:sneak_time":4368,"minecraft:walk_under_water_one_cm":139159,"minecraft:boat_one_cm":1383950,"minecraft:jump":3640,"minecraft:walk_on_water_one_cm":145016,"minecraft:total_world_time":258340,"minecraft:interact_with_furnace":30,"minecraft:sleep_in_bed":23,"minecraft:time_since_rest":8632,"minecraft:damage_taken":3197,"minecraft:damage_dealt":7190,"minecraft:swim_one_cm":32604,"minecraft:fly_one_cm":142819,"minecraft:player_kills":3,"minecraft:open_chest":30,"minecraft:crouch_one_cm":4103,"minecraft:fall_one_cm":53120}},"DataVersion":3465}