{"stats":{"minecraft:killed":{"minecraft:spider":1,"minecraft:salmon":4,"minecraft:sheep":7,"minecraft:zombie":3,"minecraft:cow":1},"minecraft:used":{"minecraft:flint_and_steel":4,"minecraft:stone_shovel":78,"minecraft:spruce_planks":2,"minecraft:shield":17,"minecraft:iron_sword":40,"minecraft:wooden_shovel":118,"minecraft:cooked_salmon":4,"minecraft:oak_door":8,"minecraft:torch":22,"minecraft:dirt":4,"minecraft:carrot":1,"minecraft:spruce_boat":4,"minecraft:wooden_axe":50,"minecraft:furnace":1,"minecraft:egg":2,"minecraft:cooked_beef":1,"minecraft:potato":16,"minecraft:stone_pickaxe":186,"minecraft:wooden_pickaxe":59,"minecraft:sand":67,"minecraft:tnt":1,"minecraft:crafting_table":14,"minecraft:white_bed":4,"minecraft:shears":1,"minecraft:diamond_pickaxe":3,"minecraft:apple":8,"minecraft:bread":7,"minecraft:stone_axe":11,"minecraft:wooden_sword":6,"minecraft:cobblestone":29,"minecraft:yellow_bed":2,"minecraft:oak_boat":1},"minecraft:mined":{"minecraft:spruce_planks":8,"minecraft:white_bed":4,"minecraft:glow_lichen":1,"minecraft:granite":11,"minecraft:grass_block":5,"minecraft:jungle_planks":1,"minecraft:jungle_log":2,"minecraft:sandstone":44,"minecraft:carrots":1,"minecraft:iron_ore":9,"minecraft:andesite":16,"minecraft:potted_red_mushroom":1,"minecraft:pumpkin":4,"minecraft:potatoes":1,"minecraft:stone":43,"minecraft:spruce_slab":7,"minecraft:crafting_table":11,"minecraft:tall_grass":10,"minecraft:copper_ore":17,"minecraft:cobblestone":5,"minecraft:lily_pad":1,"minecraft:sugar_cane":1,"minecraft:wheat":1,"minecraft:spruce_log":6,"minecraft:yellow_bed":4,"minecraft:bee_nest":1,"minecraft:grass":19,"minecraft:coal_ore":8,"minecraft:oak_log":19,"minecraft:gravel":6,"minecraft:sand":337,"minecraft:dirt":3,"minecraft:gold_ore":1,"minecraft:oak_leaves":6},"minecraft:broken":{"minecraft:wooden_shovel":2,"minecraft:wooden_pickaxe":1,"minecraft:stone_pickaxe":1,"minecraft:wooden_axe":1},"minecraft:picked_up":{"minecraft:crafting_table":11,"minecraft:wheat":39,"minecraft:flower_pot":1,"minecraft:brown_mushroom":1,"minecraft:shield":1,"minecraft:raw_copper":132,"minecraft:flint_and_steel":1,"minecraft:spruce_planks":10,"minecraft:beef":6,"minecraft:oak_boat":1,"minecraft:poppy":2,"minecraft:iron_pickaxe":1,"minecraft:spruce_slab":7,"minecraft:sugar_cane":2,"minecraft:furnace":1,"minecraft:egg":5,"minecraft:stick":10,"minecraft:raw_iron":9,"minecraft:sandstone":12,"minecraft:oak_door":5,"minecraft:torch":14,"minecraft:bowl":4,"minecraft:diorite":3,"minecraft:carrot":1,"minecraft:prismarine_crystals":4,"minecraft:rotten_flesh":7,"minecraft:stone_shovel":1,"minecraft:gold_ingot":7,"minecraft:mutton":10,"minecraft:white_wool":8,"minecraft:cobblestone":93,"minecraft:jungle_log":2,"minecraft:salmon":2,"minecraft:andesite":18,"minecraft:leather":2,"minecraft:golden_leggings":1,"minecraft:red_mushroom":3,"minecraft:potato":1,"minecraft:filled_map":1,"minecraft:flint":1,"minecraft:oak_log":19,"minecraft:yellow_bed":4,"minecraft:gunpowder":1,"minecraft:dirt":9,"minecraft:bone":8,"minecraft:acacia_planks":64,"minecraft:apple":5,"minecraft:kelp":1,"minecraft:wheat_seeds":4,"minecraft:raw_gold":1,"minecraft:heart_of_the_sea":1,"minecraft:honeycomb":3,"minecraft:iron_sword":2,"minecraft:oak_planks":32,"minecraft:book":1,"minecraft:pumpkin":4,"minecraft:gravel":5,"minecraft:sand":257,"minecraft:ink_sac":2,"minecraft:white_bed":4,"minecraft:spruce_log":5,"minecraft:diamond":3,"minecraft:spruce_boat":2,"minecraft:stone_axe":1,"minecraft:granite":11,"minecraft:golden_apple":1,"minecraft:emerald":12,"minecraft:oak_sapling":5,"minecraft:coal":26},"minecraft:dropped":{"minecraft:bread":7,"minecraft:iron_sword":1,"minecraft:wheat_seeds":4,"minecraft:feather":6,"minecraft:cobblestone":1,"minecraft:leather":2,"minecraft:coal":10,"minecraft:red_mushroom":1,"minecraft:torch":6,"minecraft:sand":116,"minecraft:bone":3,"minecraft:oak_door":3,"minecraft:gravel":1,"minecraft:furnace":3,"minecraft:kelp":1,"minecraft:bowl":2,"minecraft:wheat":10,"minecraft:stone_shovel":1,"minecraft:rotten_flesh":1,"minecraft:oak_planks":18,"minecraft:filled_map":2,"minecraft:poppy":4,"minecraft:gunpowder":2,"minecraft:spruce_planks":1,"minecraft:yellow_bed":1,"minecraft:oak_sapling":5,"minecraft:spruce_slab":7},"minecraft:crafted":{"minecraft:wooden_sword":1,"minecraft:oak_door":6,"minecraft:oak_planks":76,"minecraft:stone_shovel":1,"minecraft:furnace":3,"minecraft:flint_and_steel":1,"minecraft:stone_pickaxe":3,"minecraft:spruce_boat":2,"minecraft:cooked_beef":3,"minecraft:wooden_shovel":2,"minecraft:crafting_table":6,"minecraft:spruce_planks":20,"minecraft:wooden_pickaxe":1,"minecraft:iron_sword":1,"minecraft:copper_ingot":18,"minecraft:bread":13,"minecraft:air":0,"minecraft:jungle_planks":8,"minecraft:iron_chestplate":1,"minecraft:diamond_pickaxe":1,"minecraft:stick":24,"minecraft:iron_ingot":11,"minecraft:wooden_axe":1,"minecraft:gold_ingot":1,"minecraft:white_bed":2,"minecraft:torch":40,"minecraft:shears":1},"minecraft:killed_by":{"minecraft:enderman":2},"minecraft:custom":{"minecraft:mob_kills":16,"minecraft:interact_with_crafting_table":26,"minecraft:bell_ring":13,"minecraft:leave_game":3,"minecraft:time_since_death":442,"minecraft:climb_one_cm":2171,"minecraft:sprint_one_cm":364778,"minecraft:walk_one_cm":325920,"minecraft:damage_blocked_by_shield":450,"minecraft:drop":61,"minecraft:talked_to_villager":4,"minecraft:play_time":127511,"minecraft:deaths":3,"minecraft:sneak_time":3092,"minecraft:walk_under_water_one_cm":79571,"minecraft:boat_one_cm":745965,"minecraft:jump":2149,"minecraft:walk_on_water_one_cm":64427,"minecraft:total_world_time":127511,"minecraft:interact_with_furnace":8,"minecraft:sleep_in_bed":13,"minecraft:time_since_rest":476,"minecraft:damage_taken":1524,"minecraft:damage_dealt":2988,"minecraft:swim_one_cm":3520,"minecraft:fly_one_cm":70437,"minecraft:player_kills":3,"minecraft:open_chest":15,"minecraft:crouch_one_cm":2306,"minecraft:fall_one_cm":15589}},"DataVersion":3465}