{"stats":{"minecraft:killed":{"minecraft:salmon":4,"minecraft:sheep":4,"minecraft:zombie":1,"minecraft:cow":1},"minecraft:used":{"minecraft:stone_pickaxe":129,"minecraft:spruce_planks":1,"minecraft:wooden_pickaxe":59,"minecraft:wooden_shovel":81,"minecraft:cooked_salmon":1,"minecraft:torch":1,"minecraft:sand":66,"minecraft:crafting_table":9,"minecraft:white_bed":1,"minecraft:spruce_boat":4,"minecraft:wooden_axe":46,"minecraft:apple":3,"minecraft:bread":4,"minecraft:wooden_sword":6,"minecraft:cobblestone":23,"minecraft:potato":15},"minecraft:mined":{"minecraft:white_bed":1,"minecraft:spruce_planks":8,"minecraft:crafting_table":7,"minecraft:granite":11,"minecraft:grass_block":2,"minecraft:jungle_planks":1,"minecraft:jungle_log":2,"minecraft:tall_grass":2,"minecraft:copper_ore":14,"minecraft:cobblestone":5,"minecraft:sugar_cane":1,"minecraft:sandstone":18,"minecraft:iron_ore":3,"minecraft:spruce_log":6,"minecraft:andesite":14,"minecraft:potted_red_mushroom":1,"minecraft:pumpkin":4,"minecraft:grass":3,"minecraft:oak_log":2,"minecraft:coal_ore":8,"minecraft:dirt":2,"minecraft:gravel":4,"minecraft:sand":179,"minecraft:stone":38,"minecraft:oak_leaves":5,"minecraft:spruce_slab":7},"minecraft:broken":{"minecraft:wooden_shovel":1,"minecraft:wooden_pickaxe":1},"minecraft:dropped":{"minecraft:kelp":1,"minecraft:wheat":10,"minecraft:feather":6,"minecraft:leather":2,"minecraft:red_mushroom":1,"minecraft:filled_map":1,"minecraft:poppy":4,"minecraft:gunpowder":2,"minecraft:spruce_slab":7,"minecraft:sand":65},"minecraft:picked_up":{"minecraft:crafting_table":7,"minecraft:andesite":14,"minecraft:flower_pot":1,"minecraft:jungle_log":2,"minecraft:salmon":2,"minecraft:leather":2,"minecraft:brown_mushroom":1,"minecraft:red_mushroom":1,"minecraft:filled_map":1,"minecraft:flint":1,"minecraft:oak_log":2,"minecraft:gunpowder":1,"minecraft:dirt":4,"minecraft:raw_copper":50,"minecraft:kelp":1,"minecraft:spruce_planks":8,"minecraft:beef":3,"minecraft:poppy":2,"minecraft:spruce_slab":7,"minecraft:sugar_cane":2,"minecraft:raw_iron":3,"minecraft:sandstone":5,"minecraft:pumpkin":4,"minecraft:gravel":3,"minecraft:sand":136,"minecraft:white_bed":1,"minecraft:spruce_log":5,"minecraft:rotten_flesh":4,"minecraft:spruce_boat":2,"minecraft:granite":11,"minecraft:mutton":6,"minecraft:coal":8,"minecraft:white_wool":3,"minecraft:cobblestone":43},"minecraft:crafted":{"minecraft:wooden_sword":1,"minecraft:oak_planks":8,"minecraft:wooden_shovel":2,"minecraft:crafting_table":3,"minecraft:spruce_planks":20,"minecraft:wooden_pickaxe":1,"minecraft:jungle_planks":8,"minecraft:stick":16,"minecraft:stone_pickaxe":1,"minecraft:wooden_axe":1,"minecraft:white_bed":1,"minecraft:spruce_boat":2,"minecraft:torch":16},"minecraft:custom":{"minecraft:mob_kills":10,"minecraft:interact_with_crafting_table":11,"minecraft:leave_game":2,"minecraft:time_since_death":58526,"minecraft:sleep_in_bed":2,"minecraft:climb_one_cm":1848,"minecraft:time_since_rest":11836,"minecraft:sprint_one_cm":123685,"minecraft:damage_taken":408,"minecraft:walk_one_cm":116726,"minecraft:drop":13,"minecraft:damage_dealt":809,"minecraft:fly_one_cm":17206,"minecraft:open_chest":13,"minecraft:crouch_one_cm":1745,"minecraft:play_time":58526,"minecraft:sneak_time":1776,"minecraft:walk_under_water_one_cm":40300,"minecraft:boat_one_cm":658980,"minecraft:jump":503,"minecraft:walk_on_water_one_cm":25808,"minecraft:total_world_time":58526,"minecraft:fall_one_cm":7312}},"DataVersion":3465}