{"stats":{"minecraft:mined":{"minecraft:spruce_planks":8,"minecraft:spruce_log":6,"minecraft:potted_red_mushroom":1,"minecraft:pumpkin":4,"minecraft:crafting_table":5,"minecraft:grass":2,"minecraft:coal_ore":8,"minecraft:oak_log":2,"minecraft:gravel":1,"minecraft:dirt":1,"minecraft:copper_ore":13,"minecraft:stone":6,"minecraft:sugar_cane":1,"minecraft:oak_leaves":5},"minecraft:used":{"minecraft:wooden_axe":27,"minecraft:bread":4,"minecraft:stone_pickaxe":26,"minecraft:spruce_planks":1,"minecraft:wooden_pickaxe":3,"minecraft:wooden_sword":6,"minecraft:crafting_table":4},"minecraft:killed":{"minecraft:sheep":3,"minecraft:zombie":1,"minecraft:salmon":4,"minecraft:cow":1},"minecraft:picked_up":{"minecraft:crafting_table":5,"minecraft:flower_pot":1,"minecraft:pumpkin":4,"minecraft:salmon":2,"minecraft:leather":2,"minecraft:brown_mushroom":1,"minecraft:red_mushroom":1,"minecraft:gravel":1,"minecraft:oak_log":2,"minecraft:gunpowder":1,"minecraft:spruce_log":5,"minecraft:dirt":1,"minecraft:raw_copper":46,"minecraft:rotten_flesh":4,"minecraft:spruce_planks":8,"minecraft:beef":3,"minecraft:sugar_cane":2,"minecraft:mutton":4,"minecraft:coal":8,"minecraft:white_wool":2,"minecraft:cobblestone":6},"minecraft:crafted":{"minecraft:wooden_sword":1,"minecraft:oak_planks":8,"minecraft:crafting_table":1,"minecraft:spruce_planks":20,"minecraft:stick":8,"minecraft:wooden_pickaxe":1,"minecraft:stone_pickaxe":1,"minecraft:wooden_axe":1},"minecraft:custom":{"minecraft:time_since_rest":7874,"minecraft:sprint_one_cm":95745,"minecraft:damage_taken":150,"minecraft:walk_one_cm":68596,"minecraft:mob_kills":9,"minecraft:damage_dealt":649,"minecraft:interact_with_crafting_table":5,"minecraft:fly_one_cm":13912,"minecraft:open_chest":2,"minecraft:play_time":16686,"minecraft:sneak_time":107,"minecraft:walk_under_water_one_cm":8572,"minecraft:jump":193,"minecraft:leave_game":1,"minecraft:walk_on_water_one_cm":10770,"minecraft:time_since_death":16686,"minecraft:sleep_in_bed":1,"minecraft:climb_one_cm":1848,"minecraft:total_world_time":16686,"minecraft:fall_one_cm":3618}},"DataVersion":3465}