{"stats":{"minecraft:picked_up":{"minecraft:cocoa_beans":12,"minecraft:charcoal":19,"minecraft:crafting_table":6,"minecraft:chicken":16,"minecraft:flower_pot":4,"minecraft:salmon":1,"minecraft:jungle_log":21,"minecraft:golden_leggings":2,"minecraft:potato":16,"minecraft:filled_map":1,"minecraft:enchanted_book":1,"minecraft:yellow_bed":3,"minecraft:cornflower":1,"minecraft:dirt":83,"minecraft:raw_copper":13,"minecraft:cooked_mutton":1,"minecraft:item_frame":8,"minecraft:glass":1,"minecraft:experience_bottle":4,"minecraft:apple":1,"minecraft:stone_bricks":1,"minecraft:wheat_seeds":8,"minecraft:smooth_stone":1,"minecraft:iron_ingot":7,"minecraft:calcite":39,"minecraft:melon_slice":21,"minecraft:chest":1,"minecraft:acacia_sapling":1,"minecraft:furnace":1,"minecraft:egg":1,"minecraft:book":8,"minecraft:raw_iron":14,"minecraft:stone":3,"minecraft:acacia_fence":1,"minecraft:pumpkin":8,"minecraft:torch":6,"minecraft:acacia_log":14,"minecraft:sand":327,"minecraft:acacia_stairs":1,"minecraft:tnt":2,"minecraft:stone_sword":2,"minecraft:arrow":18,"minecraft:rotten_flesh":1,"minecraft:hay_block":7,"minecraft:gold_ingot":7,"minecraft:emerald":3,"minecraft:melon_seeds":1,"minecraft:coal":10,"minecraft:skeleton_skull":1,"minecraft:white_wool":3,"minecraft:cobblestone":130},"minecraft:used":{"minecraft:stone_shovel":131,"minecraft:stone_pickaxe":25,"minecraft:chest":1,"minecraft:wooden_pickaxe":84,"minecraft:wooden_shovel":59,"minecraft:jungle_boat":2,"minecraft:dirt":37,"minecraft:sand":146,"minecraft:crafting_table":9,"minecraft:glass":6,"minecraft:wooden_axe":83,"minecraft:bread":6,"minecraft:iron_pickaxe":74,"minecraft:item_frame":8,"travelersbackpack:standard":4,"minecraft:cobblestone":44,"minecraft:jungle_door":1,"minecraft:bucket":1,"minecraft:yellow_bed":3,"minecraft:experience_bottle":4,"minecraft:smooth_stone":1},"minecraft:killed_by":{"minecraft:drowned":1},"minecraft:custom":{"minecraft:interact_with_furnace":8,"minecraft:interact_with_crafting_table":29,"minecraft:leave_game":4,"minecraft:time_since_death":69575,"minecraft:sleep_in_bed":5,"minecraft:climb_one_cm":181,"minecraft:time_since_rest":1638,"minecraft:sprint_one_cm":136242,"minecraft:damage_taken":560,"minecraft:walk_one_cm":276566,"minecraft:drop":30,"minecraft:damage_dealt":10,"minecraft:swim_one_cm":45317,"minecraft:talked_to_villager":1,"minecraft:fly_one_cm":15002,"minecraft:play_time":88025,"minecraft:open_chest":31,"minecraft:crouch_one_cm":8351,"minecraft:sneak_time":2344,"minecraft:deaths":1,"minecraft:walk_under_water_one_cm":14590,"minecraft:boat_one_cm":590899,"minecraft:jump":609,"minecraft:walk_on_water_one_cm":15772,"minecraft:total_world_time":88025,"minecraft:fall_one_cm":12022},"minecraft:mined":{"minecraft:podzol":3,"minecraft:acacia_leaves":1,"minecraft:glass_pane":2,"minecraft:cornflower":1,"minecraft:crafting_table":6,"minecraft:acacia_log":14,"minecraft:calcite":39,"minecraft:grass_block":46,"minecraft:melon":4,"minecraft:chest":1,"minecraft:jungle_log":21,"minecraft:campfire":8,"minecraft:copper_ore":3,"minecraft:cobblestone":1,"minecraft:sugar_cane":15,"minecraft:wall_torch":8,"minecraft:skeleton_skull":1,"minecraft:hay_block":7,"minecraft:smooth_stone":1,"minecraft:furnace":1,"minecraft:black_glazed_terracotta":3,"minecraft:iron_ore":7,"minecraft:suspicious_sand":1,"minecraft:acacia_stairs":1,"minecraft:pumpkin":4,"minecraft:tnt":2,"minecraft:yellow_bed":3,"minecraft:grass":26,"minecraft:bookshelf":1,"minecraft:coal_ore":12,"minecraft:cocoa":4,"minecraft:vine":5,"minecraft:sand":314,"minecraft:acacia_fence":1,"minecraft:flower_pot":1,"minecraft:dirt":34,"minecraft:stone":91,"minecraft:cake":1,"minecraft:fern":9},"minecraft:broken":{"minecraft:wooden_shovel":1,"minecraft:wooden_axe":1,"minecraft:stone_shovel":1},"minecraft:dropped":{"minecraft:wheat_seeds":5,"minecraft:crafting_table":1,"minecraft:acacia_stairs":1,"minecraft:filled_map":1,"minecraft:stone":4,"minecraft:flower_pot":2,"minecraft:torch":1,"minecraft:melon_seeds":1,"minecraft:acacia_sapling":1,"minecraft:stone_bricks":1,"minecraft:pumpkin":4,"minecraft:glass":15,"minecraft:wooden_pickaxe":1},"minecraft:crafted":{"minecraft:wooden_shovel":1,"minecraft:stone_shovel":1,"minecraft:crafting_table":4,"crafteableitems:rottenleather":5,"minecraft:jungle_boat":2,"travelersbackpack:backpack_tank":2,"minecraft:wooden_pickaxe":3,"travelersbackpack:standard":1,"minecraft:bucket":1,"travelersbackpack:blue_sleeping_bag":1,"minecraft:air":0,"minecraft:jungle_planks":52,"minecraft:blue_dye":1,"minecraft:glass":32,"minecraft:jungle_door":3,"travelersbackpack:white_sleeping_bag":1,"minecraft:leather":5,"minecraft:stick":24,"minecraft:stone_pickaxe":1,"minecraft:wooden_axe":2,"minecraft:chest":1,"minecraft:acacia_planks":28,"minecraft:shears":1}},"DataVersion":3465}