{"stats":{"minecraft:killed":{"minecraft:spider":1,"minecraft:cod":2,"minecraft:pufferfish":1,"minecraft:chicken":2,"minecraft:tropical_fish":1,"minecraft:pig":4,"minecraft:zombie_villager":1,"minecraft:salmon":4,"minecraft:sheep":7,"minecraft:pillager":6,"minecraft:zombie":4,"minecraft:enderman":1,"minecraft:cow":2},"minecraft:mined":{"minecraft:spruce_planks":8,"minecraft:white_bed":6,"minecraft:mossy_cobblestone":1,"minecraft:dark_oak_log":4,"minecraft:brewing_stand":1,"minecraft:glow_lichen":1,"minecraft:granite":11,"minecraft:dark_oak_fence":6,"minecraft:acacia_log":3,"minecraft:grass_block":13,"minecraft:jungle_planks":1,"minecraft:jungle_log":2,"minecraft:kelp":2,"minecraft:sandstone":44,"minecraft:furnace":4,"minecraft:carrots":11,"minecraft:iron_ore":36,"minecraft:andesite":19,"minecraft:potted_red_mushroom":1,"minecraft:pumpkin":4,"minecraft:potatoes":1,"minecraft:bamboo":15,"minecraft:stone":60,"minecraft:spruce_slab":7,"minecraft:kelp_plant":3,"minecraft:crafting_table":12,"minecraft:torch":4,"minecraft:copper_ore":17,"minecraft:tall_grass":14,"minecraft:cobblestone":6,"minecraft:lily_pad":1,"minecraft:sugar_cane":1,"minecraft:wall_torch":2,"minecraft:wheat":2,"minecraft:spruce_log":6,"minecraft:bee_nest":1,"minecraft:yellow_bed":7,"minecraft:grass":39,"minecraft:oak_log":19,"minecraft:coal_ore":14,"minecraft:beetroots":2,"minecraft:gravel":6,"minecraft:sand":339,"minecraft:dirt":11,"minecraft:gold_ore":1,"minecraft:oak_leaves":6,"minecraft:fern":1},"minecraft:used":{"minecraft:beetroot":1,"minecraft:flint_and_steel":5,"minecraft:stone_shovel":78,"minecraft:spruce_planks":2,"minecraft:shield":41,"minecraft:iron_sword":168,"minecraft:cooked_salmon":4,"minecraft:oak_door":8,"minecraft:wooden_shovel":118,"minecraft:cooked_chicken":1,"minecraft:torch":29,"minecraft:dirt":4,"minecraft:carrot":18,"minecraft:spruce_boat":4,"minecraft:wooden_axe":50,"minecraft:bamboo":1,"minecraft:furnace":2,"minecraft:egg":2,"minecraft:cooked_beef":5,"minecraft:potato":16,"minecraft:water_bucket":1,"minecraft:stone_pickaxe":186,"minecraft:wooden_pickaxe":59,"minecraft:sand":67,"minecraft:tnt":1,"minecraft:crafting_table":17,"minecraft:white_bed":7,"minecraft:shears":1,"minecraft:diamond_pickaxe":16,"minecraft:apple":8,"minecraft:bread":7,"minecraft:iron_pickaxe":86,"minecraft:stone_axe":11,"minecraft:wooden_sword":6,"minecraft:cobblestone":42,"minecraft:yellow_bed":4,"minecraft:oak_boat":1,"minecraft:experience_bottle":1},"minecraft:broken":{"minecraft:wooden_shovel":2,"minecraft:wooden_pickaxe":1,"minecraft:stone_pickaxe":1,"minecraft:wooden_axe":1},"minecraft:picked_up":{"minecraft:crafting_table":14,"minecraft:iron_chestplate":1,"minecraft:wheat":39,"minecraft:chicken":2,"minecraft:flower_pot":1,"minecraft:brown_mushroom":1,"minecraft:brewing_stand":1,"minecraft:shield":2,"minecraft:raw_copper":132,"minecraft:flint_and_steel":2,"minecraft:iron_leggings":1,"minecraft:pufferfish":1,"minecraft:beetroot":1,"minecraft:spruce_planks":11,"minecraft:beef":8,"minecraft:oak_boat":1,"minecraft:poppy":2,"minecraft:iron_pickaxe":2,"minecraft:spruce_slab":7,"minecraft:sugar_cane":2,"minecraft:furnace":5,"minecraft:egg":8,"minecraft:stick":11,"minecraft:raw_iron":37,"minecraft:sandstone":12,"minecraft:oak_door":5,"minecraft:copper_ingot":18,"minecraft:torch":27,"minecraft:bowl":4,"minecraft:acacia_log":3,"minecraft:porkchop":8,"minecraft:diorite":7,"minecraft:carrot":16,"minecraft:prismarine_crystals":8,"minecraft:arrow":1,"minecraft:stone_shovel":1,"minecraft:rotten_flesh":15,"minecraft:tropical_fish":1,"minecraft:beetroot_seeds":4,"minecraft:gold_ingot":7,"minecraft:mutton":10,"minecraft:cod":2,"minecraft:white_wool":10,"minecraft:cobblestone":114,"minecraft:feather":1,"minecraft:cooked_beef":2,"minecraft:andesite":19,"minecraft:water_bucket":1,"minecraft:salmon":2,"minecraft:jungle_log":2,"minecraft:leather":2,"minecraft:golden_leggings":2,"minecraft:red_mushroom":3,"minecraft:potato":1,"minecraft:filled_map":1,"minecraft:flint":1,"minecraft:oak_log":19,"minecraft:yellow_bed":8,"minecraft:gunpowder":1,"minecraft:dirt":31,"minecraft:white_banner":1,"minecraft:bone":11,"minecraft:acacia_planks":64,"minecraft:apple":5,"minecraft:kelp":3,"minecraft:wheat_seeds":8,"minecraft:raw_gold":1,"minecraft:heart_of_the_sea":2,"minecraft:iron_ingot":1,"minecraft:bamboo":10,"minecraft:iron_sword":3,"minecraft:oak_planks":32,"minecraft:honeycomb":3,"minecraft:book":1,"minecraft:pumpkin":4,"minecraft:gravel":7,"minecraft:sand":260,"minecraft:ink_sac":2,"minecraft:white_bed":7,"minecraft:spruce_log":5,"minecraft:dark_oak_log":3,"minecraft:mossy_cobblestone":1,"minecraft:diamond":3,"minecraft:spruce_boat":2,"minecraft:stone_axe":1,"minecraft:granite":11,"minecraft:golden_apple":1,"minecraft:emerald":12,"minecraft:oak_sapling":5,"minecraft:dark_oak_fence":4,"minecraft:coal":34,"minecraft:diamond_pickaxe":1},"minecraft:dropped":{"minecraft:bread":7,"minecraft:iron_sword":1,"minecraft:wheat_seeds":8,"minecraft:feather":7,"minecraft:cobblestone":1,"minecraft:leather":2,"minecraft:coal":10,"minecraft:red_mushroom":1,"minecraft:dirt":22,"minecraft:diorite":4,"minecraft:torch":6,"minecraft:iron_leggings":1,"minecraft:sand":116,"minecraft:bone":3,"minecraft:oak_door":3,"minecraft:gravel":3,"minecraft:furnace":3,"minecraft:kelp":3,"minecraft:bowl":2,"minecraft:wheat":10,"minecraft:stone_shovel":1,"minecraft:rotten_flesh":1,"minecraft:oak_planks":18,"minecraft:filled_map":3,"minecraft:poppy":4,"minecraft:gunpowder":2,"minecraft:spruce_planks":1,"minecraft:beetroot_seeds":4,"minecraft:yellow_bed":2,"minecraft:oak_sapling":5,"minecraft:spruce_slab":7,"minecraft:egg":3},"minecraft:crafted":{"minecraft:wooden_sword":1,"minecraft:oak_door":6,"minecraft:oak_planks":76,"minecraft:stone_shovel":2,"minecraft:cooked_chicken":2,"minecraft:furnace":3,"minecraft:flint_and_steel":1,"minecraft:iron_boots":1,"minecraft:stone_pickaxe":3,"minecraft:spruce_boat":2,"minecraft:cooked_beef":5,"minecraft:cooked_cod":2,"minecraft:wooden_shovel":2,"minecraft:cooked_porkchop":8,"minecraft:crafting_table":6,"minecraft:spruce_planks":20,"minecraft:iron_helmet":1,"minecraft:wooden_pickaxe":1,"minecraft:iron_sword":1,"minecraft:copper_ingot":18,"minecraft:bread":13,"minecraft:air":0,"minecraft:jungle_planks":8,"minecraft:iron_chestplate":1,"minecraft:diamond_pickaxe":1,"minecraft:stick":28,"minecraft:iron_ingot":27,"minecraft:wooden_axe":1,"minecraft:iron_leggings":1,"minecraft:gold_ingot":1,"minecraft:white_bed":2,"minecraft:acacia_planks":12,"minecraft:torch":40,"minecraft:shears":1},"minecraft:killed_by":{"minecraft:enderman":2},"minecraft:custom":{"minecraft:interact_with_smithing_table":1,"minecraft:mob_kills":36,"minecraft:interact_with_crafting_table":37,"minecraft:bell_ring":23,"minecraft:leave_game":5,"minecraft:time_since_death":59271,"minecraft:climb_one_cm":2255,"minecraft:sprint_one_cm":562680,"minecraft:walk_one_cm":532549,"minecraft:damage_blocked_by_shield":1040,"minecraft:drop":72,"minecraft:talked_to_villager":4,"minecraft:play_time":186340,"minecraft:deaths":3,"minecraft:sneak_time":3401,"minecraft:walk_under_water_one_cm":108687,"minecraft:boat_one_cm":1013622,"minecraft:jump":2696,"minecraft:walk_on_water_one_cm":108743,"minecraft:total_world_time":186340,"minecraft:interact_with_furnace":22,"minecraft:sleep_in_bed":18,"minecraft:time_since_rest":9767,"minecraft:damage_taken":2001,"minecraft:damage_dealt":6077,"minecraft:swim_one_cm":26126,"minecraft:fly_one_cm":111581,"minecraft:player_kills":3,"minecraft:open_chest":21,"minecraft:crouch_one_cm":2800,"minecraft:fall_one_cm":24477}},"DataVersion":3465}