{"stats":{"minecraft:killed":{"minecraft:salmon":4,"minecraft:sheep":4,"minecraft:zombie":1,"minecraft:cow":1},"minecraft:used":{"minecraft:flint_and_steel":4,"minecraft:stone_shovel":78,"minecraft:stone_pickaxe":169,"minecraft:spruce_planks":1,"minecraft:wooden_pickaxe":59,"minecraft:iron_sword":5,"minecraft:wooden_shovel":118,"minecraft:cooked_salmon":4,"minecraft:oak_door":8,"minecraft:torch":5,"minecraft:sand":67,"minecraft:tnt":1,"minecraft:crafting_table":10,"minecraft:white_bed":3,"minecraft:shears":1,"minecraft:spruce_boat":4,"minecraft:wooden_axe":50,"minecraft:apple":3,"minecraft:bread":4,"minecraft:wooden_sword":6,"minecraft:cobblestone":23,"minecraft:yellow_bed":1,"minecraft:egg":1,"minecraft:potato":15},"minecraft:mined":{"minecraft:white_bed":3,"minecraft:spruce_planks":8,"minecraft:crafting_table":8,"minecraft:granite":11,"minecraft:grass_block":2,"minecraft:jungle_planks":1,"minecraft:jungle_log":2,"minecraft:tall_grass":2,"minecraft:copper_ore":14,"minecraft:cobblestone":5,"minecraft:sugar_cane":1,"minecraft:sandstone":44,"minecraft:iron_ore":3,"minecraft:spruce_log":6,"minecraft:andesite":14,"minecraft:potted_red_mushroom":1,"minecraft:pumpkin":4,"minecraft:bee_nest":1,"minecraft:yellow_bed":1,"minecraft:grass":3,"minecraft:oak_log":9,"minecraft:coal_ore":8,"minecraft:dirt":2,"minecraft:gravel":5,"minecraft:sand":337,"minecraft:stone":39,"minecraft:oak_leaves":5,"minecraft:spruce_slab":7},"minecraft:broken":{"minecraft:stone_pickaxe":1,"minecraft:wooden_shovel":2,"minecraft:wooden_axe":1,"minecraft:wooden_pickaxe":1},"minecraft:picked_up":{"minecraft:crafting_table":8,"minecraft:andesite":14,"minecraft:flower_pot":1,"minecraft:jungle_log":2,"minecraft:salmon":2,"minecraft:leather":2,"minecraft:brown_mushroom":1,"minecraft:red_mushroom":1,"minecraft:filled_map":1,"minecraft:flint":1,"minecraft:oak_log":9,"minecraft:yellow_bed":1,"minecraft:gunpowder":1,"minecraft:dirt":4,"minecraft:raw_copper":50,"minecraft:bone":2,"minecraft:kelp":1,"minecraft:spruce_planks":8,"minecraft:beef":3,"minecraft:poppy":2,"minecraft:spruce_slab":7,"minecraft:sugar_cane":2,"minecraft:honeycomb":3,"minecraft:egg":1,"minecraft:raw_iron":3,"minecraft:sandstone":12,"minecraft:oak_door":5,"minecraft:pumpkin":4,"minecraft:gravel":4,"minecraft:sand":257,"minecraft:ink_sac":2,"minecraft:white_bed":3,"minecraft:spruce_log":5,"minecraft:rotten_flesh":4,"minecraft:spruce_boat":2,"minecraft:granite":11,"minecraft:mutton":6,"minecraft:coal":8,"minecraft:white_wool":3,"minecraft:cobblestone":45},"minecraft:dropped":{"minecraft:oak_door":3,"minecraft:kelp":1,"minecraft:wheat":10,"minecraft:feather":6,"minecraft:cobblestone":1,"minecraft:leather":2,"minecraft:red_mushroom":1,"minecraft:filled_map":2,"minecraft:poppy":4,"minecraft:gunpowder":2,"minecraft:spruce_slab":7,"minecraft:sand":116},"minecraft:crafted":{"minecraft:wooden_sword":1,"minecraft:oak_door":6,"minecraft:oak_planks":36,"minecraft:wooden_shovel":2,"minecraft:stone_shovel":1,"minecraft:crafting_table":3,"minecraft:spruce_planks":20,"minecraft:wooden_pickaxe":1,"minecraft:jungle_planks":8,"minecraft:flint_and_steel":1,"minecraft:stick":20,"minecraft:stone_pickaxe":2,"minecraft:wooden_axe":1,"minecraft:white_bed":1,"minecraft:spruce_boat":2,"minecraft:torch":16,"minecraft:shears":1},"minecraft:custom":{"minecraft:mob_kills":10,"minecraft:interact_with_crafting_table":16,"minecraft:bell_ring":13,"minecraft:leave_game":3,"minecraft:time_since_death":0,"minecraft:sleep_in_bed":10,"minecraft:climb_one_cm":1848,"minecraft:time_since_rest":60,"minecraft:sprint_one_cm":224882,"minecraft:damage_taken":707,"minecraft:walk_one_cm":195034,"minecraft:drop":40,"minecraft:damage_dealt":975,"minecraft:swim_one_cm":3520,"minecraft:fly_one_cm":38748,"minecraft:player_kills":1,"minecraft:open_chest":14,"minecraft:crouch_one_cm":2140,"minecraft:play_time":92873,"minecraft:deaths":1,"minecraft:sneak_time":2994,"minecraft:walk_under_water_one_cm":64288,"minecraft:boat_one_cm":700110,"minecraft:jump":741,"minecraft:walk_on_water_one_cm":39780,"minecraft:total_world_time":92873,"minecraft:fall_one_cm":10155}},"DataVersion":3465}