{"stats":{"minecraft:mined":{"minecraft:spruce_planks":8,"minecraft:white_bed":6,"minecraft:cobblestone_stairs":1,"minecraft:sculk_vein":27,"minecraft:brewing_stand":1,"minecraft:carved_pumpkin":1,"travelersbackpack:blue_sleeping_bag":9,"minecraft:granite":117,"minecraft:acacia_log":18,"minecraft:grass_block":45,"minecraft:jungle_log":2,"minecraft:spawner":2,"minecraft:magma_block":8,"minecraft:glowstone":1,"minecraft:iron_ore":51,"minecraft:sticky_piston":3,"minecraft:fire":8,"minecraft:potted_red_mushroom":1,"minecraft:pumpkin":4,"minecraft:pointed_dripstone":7,"minecraft:spruce_slab":7,"minecraft:tripwire":2,"minecraft:deepslate_redstone_ore":2,"minecraft:kelp_plant":3,"minecraft:medium_amethyst_bud":1,"minecraft:amethyst_cluster":2,"minecraft:torch":4,"minecraft:calcite":11,"minecraft:melon":12,"minecraft:nether_quartz_ore":2,"minecraft:cobblestone":30,"minecraft:sugar_cane":1,"minecraft:oak_planks":83,"minecraft:bricks":1,"minecraft:wall_torch":3,"minecraft:amethyst_block":25,"minecraft:repeater":1,"minecraft:wheat":3,"minecraft:grass":121,"minecraft:oak_log":19,"minecraft:beetroots":2,"minecraft:sand":468,"minecraft:dirt":56,"minecraft:smooth_basalt":20,"minecraft:tripwire_hook":1,"minecraft:netherrack":1,"minecraft:oak_leaves":243,"minecraft:deepslate":183,"minecraft:yellow_terracotta":7,"minecraft:nether_gold_ore":8,"minecraft:crying_obsidian":1,"minecraft:tuff":48,"minecraft:mossy_cobblestone":11,"minecraft:deepslate_diamond_ore":2,"minecraft:dark_oak_log":4,"minecraft:glow_lichen":2,"minecraft:dark_oak_fence":7,"minecraft:purple_terracotta":3,"minecraft:spruce_fence":1,"minecraft:jungle_planks":1,"minecraft:redstone_wire":2,"travelersbackpack:white_sleeping_bag":1,"minecraft:kelp":2,"minecraft:sandstone":44,"minecraft:hay_block":17,"minecraft:furnace":7,"minecraft:carrots":11,"minecraft:acacia_stairs":1,"minecraft:orange_stained_glass_pane":1,"minecraft:andesite":136,"minecraft:bookshelf":8,"minecraft:potatoes":1,"minecraft:deepslate_iron_ore":5,"minecraft:rail":3,"minecraft:bamboo_sapling":1,"minecraft:bamboo":18,"minecraft:stone":817,"minecraft:acacia_leaves":52,"minecraft:crafting_table":20,"minecraft:emerald_ore":2,"minecraft:lectern":1,"minecraft:tall_grass":28,"minecraft:copper_ore":34,"minecraft:deepslate_coal_ore":5,"minecraft:lapis_ore":4,"minecraft:deepslate_gold_ore":2,"minecraft:lily_pad":1,"minecraft:sculk":133,"minecraft:diorite":63,"minecraft:birch_planks":4,"minecraft:spruce_log":6,"minecraft:birch_leaves":14,"minecraft:bee_nest":1,"minecraft:white_wall_banner":6,"minecraft:yellow_bed":14,"minecraft:coal_ore":74,"minecraft:cherry_leaves":57,"minecraft:acacia_door":1,"minecraft:gravel":75,"minecraft:dripstone_block":17,"minecraft:cobweb":35,"minecraft:acacia_planks":2,"minecraft:gold_ore":3,"minecraft:fern":2},"minecraft:custom":{"minecraft:interact_with_crafting_table":75,"minecraft:bell_ring":23,"minecraft:leave_game":12,"minecraft:time_since_death":51809,"minecraft:sprint_one_cm":1174574,"minecraft:damage_blocked_by_shield":12015,"minecraft:drop":109,"minecraft:talked_to_villager":5,"minecraft:play_time":621708,"minecraft:deaths":11,"minecraft:jump":7508,"minecraft:walk_on_water_one_cm":173336,"minecraft:interact_with_furnace":74,"minecraft:interact_with_cartography_table":2,"minecraft:sleep_in_bed":39,"minecraft:damage_dealt":16637,"minecraft:player_kills":3,"minecraft:crouch_one_cm":15737,"minecraft:horse_one_cm":1255251,"minecraft:interact_with_smithing_table":1,"minecraft:mob_kills":92,"minecraft:climb_one_cm":3202,"minecraft:walk_one_cm":1861680,"minecraft:sneak_time":8855,"minecraft:walk_under_water_one_cm":158623,"minecraft:boat_one_cm":1383950,"minecraft:total_world_time":621708,"minecraft:tune_noteblock":1,"minecraft:raid_trigger":1,"minecraft:time_since_rest":2851,"minecraft:damage_taken":6720,"minecraft:swim_one_cm":43558,"minecraft:fly_one_cm":265205,"minecraft:open_chest":161,"minecraft:fall_one_cm":108583},"minecraft:killed_by":{"minecraft:pillager":3,"minecraft:vindicator":2,"minecraft:enderman":2},"minecraft:dropped":{"minecraft:iron_sword":1,"minecraft:leather":2,"minecraft:red_mushroom":1,"minecraft:cobblestone_stairs":3,"minecraft:dirt":26,"minecraft:dark_oak_fence":1,"minecraft:cherry_leaves":4,"minecraft:sand":117,"minecraft:iron_pickaxe":1,"minecraft:bone":3,"minecraft:oak_door":3,"minecraft:gravel":61,"minecraft:cooked_chicken":1,"minecraft:wheat":10,"minecraft:cherry_sapling":2,"minecraft:rotten_flesh":1,"minecraft:oak_planks":18,"minecraft:poppy":4,"minecraft:gunpowder":2,"minecraft:beetroot_seeds":4,"minecraft:melon_seeds":1,"minecraft:spruce_slab":7,"minecraft:egg":3,"minecraft:bread":12,"minecraft:wheat_seeds":14,"minecraft:mossy_cobblestone":12,"minecraft:feather":7,"minecraft:cobblestone":1,"minecraft:granite":8,"minecraft:coal":10,"minecraft:cobweb":5,"minecraft:diorite":7,"minecraft:torch":6,"minecraft:iron_leggings":1,"minecraft:acacia_planks":5,"minecraft:furnace":3,"minecraft:kelp":3,"minecraft:bowl":2,"minecraft:tuff":24,"minecraft:stone_shovel":1,"minecraft:filled_map":3,"minecraft:spruce_planks":2,"minecraft:andesite":45,"minecraft:yellow_bed":2,"minecraft:oak_sapling":5,"minecraft:bamboo":3},"minecraft:broken":{"minecraft:wooden_shovel":2,"minecraft:stone_pickaxe":1,"minecraft:iron_sword":1,"minecraft:wooden_axe":1,"minecraft:stone_shovel":1,"minecraft:iron_hoe":1,"minecraft:flint_and_steel":1,"minecraft:wooden_pickaxe":1,"minecraft:shield":4,"minecraft:iron_pickaxe":1,"minecraft:golden_pickaxe":1},"minecraft:killed":{"minecraft:cave_spider":1,"minecraft:spider":3,"minecraft:cod":2,"minecraft:pufferfish":1,"minecraft:chicken":2,"minecraft:tropical_fish":1,"minecraft:pig":4,"minecraft:zombie_villager":1,"minecraft:salmon":4,"minecraft:sheep":10,"minecraft:pillager":40,"minecraft:zombie":11,"minecraft:cow":2,"minecraft:enderman":1},"minecraft:picked_up":{"minecraft:iron_chestplate":9,"minecraft:wheat":39,"minecraft:flower_pot":1,"minecraft:brewing_stand":2,"minecraft:amethyst_block":14,"minecraft:string":81,"minecraft:raw_copper":243,"minecraft:cooked_salmon":4,"minecraft:iron_leggings":8,"minecraft:sticky_piston":6,"minecraft:pufferfish":2,"minecraft:beetroot":1,"minecraft:gold_nugget":36,"minecraft:cobbled_deepslate":197,"minecraft:bucket":2,"minecraft:spruce_planks":12,"minecraft:iron_pickaxe":10,"minecraft:melon_slice":60,"minecraft:furnace":11,"minecraft:iron_boots":5,"minecraft:stick":64,"minecraft:torch":51,"minecraft:acacia_log":23,"minecraft:porkchop":8,"minecraft:diorite":63,"minecraft:stone_sword":2,"minecraft:rotten_flesh":16,"minecraft:tropical_fish":1,"minecraft:iron_block":4,"minecraft:carved_pumpkin":2,"minecraft:obsidian":10,"minecraft:cod":2,"minecraft:cobblestone":613,"minecraft:magma_block":6,"minecraft:feather":1,"minecraft:cooked_beef":2,"minecraft:water_bucket":2,"minecraft:cherry_leaves":4,"minecraft:andesite":184,"minecraft:jungle_log":2,"minecraft:golden_leggings":2,"minecraft:potato":1,"minecraft:flint":43,"minecraft:tuff":45,"minecraft:acacia_boat":1,"minecraft:lapis_lazuli":2,"minecraft:dirt":98,"minecraft:bone":14,"minecraft:acacia_planks":77,"minecraft:bow":6,"minecraft:wheat_seeds":30,"minecraft:raw_gold":5,"minecraft:bamboo":19,"minecraft:oak_planks":110,"minecraft:honeycomb":3,"minecraft:cooked_porkchop":8,"minecraft:sand":379,"minecraft:ink_sac":2,"minecraft:dark_oak_log":3,"minecraft:mossy_cobblestone":12,"travelersbackpack:white_sleeping_bag":3,"minecraft:iron_hoe":1,"minecraft:diamond":12,"minecraft:spruce_boat":2,"minecraft:crossbow":1,"minecraft:granite":91,"minecraft:golden_apple":2,"minecraft:emerald":22,"minecraft:golden_horse_armor":1,"minecraft:bread":30,"minecraft:oak_sapling":5,"minecraft:netherrack":1,"minecraft:dark_oak_fence":5,"minecraft:diamond_pickaxe":2,"minecraft:crafting_table":22,"minecraft:chicken":4,"minecraft:golden_pickaxe":1,"minecraft:brown_mushroom":1,"minecraft:shield":4,"minecraft:acacia_door":5,"minecraft:flint_and_steel":4,"minecraft:beef":8,"minecraft:oak_boat":1,"minecraft:poppy":2,"minecraft:spruce_slab":7,"minecraft:lectern":2,"minecraft:sugar_cane":2,"minecraft:egg":14,"minecraft:raw_iron":57,"minecraft:sandstone":12,"minecraft:oak_door":5,"minecraft:copper_ingot":36,"minecraft:bowl":4,"minecraft:carrot":16,"minecraft:redstone":4,"minecraft:prismarine_crystals":15,"minecraft:iron_horse_armor":2,"minecraft:cooked_cod":1,"minecraft:arrow":25,"minecraft:stone_shovel":3,"minecraft:beetroot_seeds":4,"minecraft:shears":2,"minecraft:hay_block":33,"minecraft:saddle":1,"minecraft:gold_ingot":7,"minecraft:glow_berries":28,"minecraft:mutton":12,"minecraft:white_wool":14,"minecraft:rail":6,"minecraft:glow_ink_sac":6,"minecraft:salmon":2,"minecraft:leather":2,"minecraft:red_mushroom":3,"minecraft:filled_map":1,"minecraft:oak_log":19,"minecraft:yellow_bed":16,"minecraft:gunpowder":1,"minecraft:cobblestone_stairs":3,"minecraft:white_banner":21,"minecraft:apple":5,"minecraft:kelp":3,"minecraft:wild_armor_trim_smithing_template":6,"minecraft:heart_of_the_sea":4,"minecraft:iron_ingot":53,"minecraft:cobweb":5,"minecraft:cooked_chicken":1,"minecraft:acacia_sapling":6,"minecraft:iron_sword":8,"minecraft:book":101,"minecraft:pumpkin":4,"minecraft:quartz":2,"minecraft:spyglass":1,"minecraft:dripstone_block":10,"minecraft:gravel":65,"minecraft:lava_bucket":3,"minecraft:amethyst_shard":4,"travelersbackpack:blue_sleeping_bag":13,"minecraft:white_bed":7,"minecraft:spruce_log":5,"minecraft:crying_obsidian":1,"minecraft:pumpkin_seeds":61,"minecraft:stone_axe":4,"minecraft:iron_helmet":7,"minecraft:cherry_sapling":3,"minecraft:melon_seeds":3,"minecraft:coal":167},"minecraft:used":{"minecraft:beetroot":1,"minecraft:chest":1,"minecraft:shield":386,"minecraft:iron_sword":406,"minecraft:carrot":22,"minecraft:obsidian":2,"minecraft:spruce_boat":4,"minecraft:lava_bucket":2,"minecraft:hay_block":4,"minecraft:furnace":9,"minecraft:cooked_cod":5,"minecraft:egg":4,"minecraft:potato":16,"minecraft:stone_pickaxe":186,"minecraft:oak_planks":21,"minecraft:wooden_pickaxe":59,"minecraft:glow_berries":5,"travelersbackpack:blue_sleeping_bag":9,"minecraft:sand":145,"minecraft:crossbow":4,"minecraft:shears":96,"minecraft:acacia_door":3,"minecraft:melon_slice":21,"minecraft:bread":34,"minecraft:wooden_sword":6,"minecraft:andesite":26,"minecraft:oak_boat":1,"minecraft:golden_pickaxe":64,"minecraft:experience_bottle":1,"minecraft:stone_sword":97,"minecraft:flint_and_steel":76,"minecraft:carved_pumpkin":2,"minecraft:stone_shovel":260,"minecraft:spruce_planks":2,"minecraft:wooden_shovel":118,"minecraft:cooked_salmon":4,"minecraft:cooked_chicken":1,"minecraft:oak_door":8,"minecraft:torch":149,"minecraft:dirt":49,"minecraft:granite":2,"minecraft:iron_hoe":250,"minecraft:dark_oak_planks":28,"minecraft:wooden_axe":50,"minecraft:iron_block":4,"minecraft:bamboo":1,"minecraft:acacia_planks":29,"minecraft:cooked_beef":5,"minecraft:cobbled_deepslate":116,"minecraft:acacia_boat":1,"minecraft:water_bucket":13,"minecraft:tnt":1,"minecraft:crafting_table":28,"minecraft:white_bed":7,"minecraft:diamond_pickaxe":1274,"minecraft:apple":8,"minecraft:iron_pickaxe":449,"travelersbackpack:white_sleeping_bag":1,"minecraft:stone_axe":152,"minecraft:cobblestone":311,"minecraft:white_banner":11,"minecraft:cooked_porkchop":8,"minecraft:bucket":16,"minecraft:yellow_bed":12},"minecraft:crafted":{"minecraft:oak_planks":76,"minecraft:cooked_chicken":2,"minecraft:bow":2,"minecraft:iron_boots":2,"minecraft:chest":1,"minecraft:oak_button":1,"minecraft:wooden_shovel":2,"minecraft:cooked_porkchop":8,"minecraft:crafting_table":9,"minecraft:spruce_planks":20,"minecraft:wooden_pickaxe":1,"minecraft:iron_helmet":1,"minecraft:copper_ingot":21,"travelersbackpack:blue_sleeping_bag":1,"minecraft:iron_chestplate":1,"minecraft:diamond_pickaxe":1,"minecraft:shield":4,"minecraft:stick":80,"minecraft:iron_ingot":130,"minecraft:iron_pickaxe":3,"minecraft:iron_block":4,"minecraft:stone_sword":1,"minecraft:acacia_door":3,"minecraft:gold_ingot":11,"minecraft:shears":4,"minecraft:wooden_sword":1,"minecraft:oak_door":6,"minecraft:stone_shovel":3,"minecraft:furnace":4,"minecraft:flint_and_steel":1,"travelersbackpack:white_sleeping_bag":2,"minecraft:iron_hoe":1,"minecraft:stone_pickaxe":3,"minecraft:spruce_boat":2,"minecraft:dark_oak_planks":28,"minecraft:cooked_beef":5,"minecraft:cooked_cod":2,"minecraft:iron_sword":2,"minecraft:bucket":1,"minecraft:stone_axe":1,"minecraft:bread":13,"minecraft:air":0,"minecraft:jungle_planks":8,"minecraft:blue_dye":1,"minecraft:white_wool":3,"minecraft:wooden_axe":1,"minecraft:iron_leggings":1,"minecraft:white_bed":2,"minecraft:acacia_planks":52,"minecraft:torch":142}},"DataVersion":3465}