{"stats":{"minecraft:picked_up":{"minecraft:book":4,"minecraft:cocoa_beans":12,"minecraft:crafting_table":3,"minecraft:acacia_fence":1,"minecraft:flower_pot":1,"minecraft:jungle_log":21,"minecraft:golden_leggings":2,"minecraft:acacia_log":14,"minecraft:sand":192,"minecraft:experience_bottle":1,"minecraft:rotten_flesh":1,"minecraft:dirt":17,"minecraft:raw_copper":13,"minecraft:item_frame":5,"minecraft:stone_sword":2,"minecraft:wheat_seeds":5,"minecraft:iron_ingot":4,"minecraft:emerald":2,"minecraft:calcite":39,"minecraft:gold_ingot":3,"minecraft:melon_seeds":1,"minecraft:coal":7,"minecraft:cobblestone":21},"minecraft:used":{"minecraft:wooden_axe":21,"minecraft:stone_pickaxe":25,"minecraft:wooden_pickaxe":61,"minecraft:wooden_shovel":59,"minecraft:jungle_boat":1,"minecraft:sand":2,"minecraft:crafting_table":4},"minecraft:killed_by":{"minecraft:drowned":1},"minecraft:custom":{"minecraft:time_since_rest":5204,"minecraft:sprint_one_cm":44833,"minecraft:damage_taken":420,"minecraft:walk_one_cm":102113,"minecraft:drop":3,"minecraft:swim_one_cm":33870,"minecraft:interact_with_crafting_table":7,"minecraft:fly_one_cm":4149,"minecraft:open_chest":7,"minecraft:play_time":41181,"minecraft:crouch_one_cm":68,"minecraft:deaths":1,"minecraft:sneak_time":17,"minecraft:walk_under_water_one_cm":2651,"minecraft:boat_one_cm":555862,"minecraft:jump":205,"minecraft:leave_game":2,"minecraft:time_since_death":22731,"minecraft:walk_on_water_one_cm":4263,"minecraft:sleep_in_bed":1,"minecraft:total_world_time":41181,"minecraft:climb_one_cm":181,"minecraft:fall_one_cm":5748},"minecraft:mined":{"minecraft:podzol":3,"minecraft:crafting_table":3,"minecraft:grass":22,"minecraft:acacia_log":14,"minecraft:grass_block":8,"minecraft:calcite":39,"minecraft:coal_ore":7,"minecraft:cocoa":4,"minecraft:vine":5,"minecraft:acacia_fence":1,"minecraft:jungle_log":21,"minecraft:flower_pot":1,"minecraft:sand":194,"minecraft:dirt":6,"minecraft:copper_ore":3,"minecraft:stone":22,"minecraft:fern":9},"minecraft:broken":{"minecraft:wooden_shovel":1},"minecraft:dropped":{"minecraft:wheat_seeds":2,"minecraft:wooden_pickaxe":1},"minecraft:crafted":{"minecraft:wooden_shovel":1,"minecraft:crafting_table":2,"minecraft:stick":24,"minecraft:jungle_boat":1,"minecraft:wooden_pickaxe":3,"minecraft:stone_pickaxe":1,"minecraft:wooden_axe":2,"minecraft:acacia_planks":28,"minecraft:jungle_planks":28}},"DataVersion":3465}