{"stats":{"minecraft:picked_up":{"minecraft:cocoa_beans":12,"minecraft:charcoal":16,"minecraft:crafting_table":3,"minecraft:chicken":16,"minecraft:flower_pot":3,"minecraft:jungle_log":21,"minecraft:golden_leggings":2,"minecraft:potato":16,"minecraft:enchanted_book":1,"minecraft:yellow_bed":3,"minecraft:dirt":17,"minecraft:raw_copper":13,"minecraft:item_frame":8,"minecraft:experience_bottle":4,"minecraft:stone_bricks":1,"minecraft:apple":1,"minecraft:wheat_seeds":8,"minecraft:smooth_stone":1,"minecraft:iron_ingot":7,"minecraft:calcite":39,"minecraft:melon_slice":21,"minecraft:chest":1,"minecraft:acacia_sapling":1,"minecraft:book":8,"minecraft:raw_iron":7,"minecraft:stone":3,"minecraft:acacia_fence":1,"minecraft:pumpkin":4,"minecraft:acacia_log":14,"minecraft:sand":193,"minecraft:acacia_stairs":1,"minecraft:tnt":2,"minecraft:arrow":18,"minecraft:stone_sword":2,"minecraft:rotten_flesh":1,"minecraft:hay_block":7,"minecraft:gold_ingot":7,"minecraft:emerald":3,"minecraft:melon_seeds":1,"minecraft:skeleton_skull":1,"minecraft:coal":10,"minecraft:white_wool":3,"minecraft:cobblestone":122},"minecraft:used":{"minecraft:stone_pickaxe":25,"minecraft:chest":1,"minecraft:wooden_pickaxe":84,"minecraft:wooden_shovel":59,"minecraft:jungle_boat":1,"minecraft:sand":12,"minecraft:crafting_table":6,"minecraft:wooden_axe":63,"minecraft:bread":4,"minecraft:iron_pickaxe":70,"minecraft:item_frame":8,"minecraft:cobblestone":44,"minecraft:yellow_bed":3,"minecraft:smooth_stone":1},"minecraft:killed_by":{"minecraft:drowned":1},"minecraft:custom":{"minecraft:interact_with_furnace":5,"minecraft:interact_with_crafting_table":20,"minecraft:leave_game":2,"minecraft:time_since_death":46725,"minecraft:sleep_in_bed":3,"minecraft:climb_one_cm":181,"minecraft:time_since_rest":4604,"minecraft:sprint_one_cm":96640,"minecraft:damage_taken":520,"minecraft:walk_one_cm":210888,"minecraft:drop":12,"minecraft:damage_dealt":10,"minecraft:talked_to_villager":1,"minecraft:swim_one_cm":33870,"minecraft:fly_one_cm":9705,"minecraft:open_chest":21,"minecraft:crouch_one_cm":6610,"minecraft:play_time":65175,"minecraft:deaths":1,"minecraft:sneak_time":1716,"minecraft:walk_under_water_one_cm":6521,"minecraft:boat_one_cm":555862,"minecraft:jump":366,"minecraft:walk_on_water_one_cm":5660,"minecraft:total_world_time":65175,"minecraft:fall_one_cm":10676},"minecraft:mined":{"minecraft:podzol":3,"minecraft:glass_pane":2,"minecraft:crafting_table":3,"minecraft:acacia_log":14,"minecraft:calcite":39,"minecraft:grass_block":8,"minecraft:melon":4,"minecraft:chest":1,"minecraft:jungle_log":21,"minecraft:campfire":8,"minecraft:copper_ore":3,"minecraft:cobblestone":1,"minecraft:sugar_cane":15,"minecraft:skeleton_skull":1,"minecraft:hay_block":7,"minecraft:smooth_stone":1,"minecraft:black_glazed_terracotta":3,"minecraft:iron_ore":7,"minecraft:acacia_stairs":1,"minecraft:pumpkin":4,"minecraft:tnt":2,"minecraft:yellow_bed":3,"minecraft:grass":26,"minecraft:bookshelf":1,"minecraft:coal_ore":12,"minecraft:vine":5,"minecraft:cocoa":4,"minecraft:dirt":6,"minecraft:acacia_fence":1,"minecraft:sand":195,"minecraft:flower_pot":1,"minecraft:stone":91,"minecraft:cake":1,"minecraft:fern":9},"minecraft:broken":{"minecraft:wooden_shovel":1},"minecraft:dropped":{"minecraft:wheat_seeds":5,"minecraft:acacia_stairs":1,"minecraft:stone":4,"minecraft:flower_pot":2,"minecraft:melon_seeds":1,"minecraft:acacia_sapling":1,"minecraft:pumpkin":4,"minecraft:stone_bricks":1,"minecraft:wooden_pickaxe":1},"minecraft:crafted":{"minecraft:wooden_shovel":1,"minecraft:crafting_table":3,"crafteableitems:rottenleather":5,"minecraft:jungle_boat":1,"travelersbackpack:backpack_tank":2,"minecraft:wooden_pickaxe":3,"minecraft:air":0,"minecraft:jungle_planks":52,"minecraft:glass":32,"minecraft:leather":5,"minecraft:stick":24,"minecraft:stone_pickaxe":1,"minecraft:wooden_axe":2,"minecraft:acacia_planks":28,"minecraft:shears":1}},"DataVersion":3465}