{"stats":{"minecraft:killed":{"minecraft:cow":1},"minecraft:used":{"minecraft:wooden_axe":8,"minecraft:wooden_sword":2,"minecraft:crafting_table":2,"minecraft:spruce_planks":1},"minecraft:mined":{"minecraft:grass":1,"minecraft:oak_log":2,"minecraft:spruce_planks":8,"minecraft:sugar_cane":1,"minecraft:potted_red_mushroom":1,"minecraft:pumpkin":3,"minecraft:oak_leaves":5,"minecraft:crafting_table":3},"minecraft:picked_up":{"minecraft:crafting_table":3,"minecraft:pumpkin":3,"minecraft:flower_pot":1,"minecraft:leather":2,"minecraft:brown_mushroom":1,"minecraft:red_mushroom":1,"minecraft:spruce_planks":8,"minecraft:beef":3,"minecraft:oak_log":2,"minecraft:sugar_cane":2},"minecraft:crafted":{"minecraft:wooden_sword":1,"minecraft:oak_planks":8,"minecraft:crafting_table":1,"minecraft:stick":4,"minecraft:wooden_axe":1},"minecraft:custom":{"minecraft:time_since_rest":6612,"minecraft:play_time":6612,"minecraft:sprint_one_cm":37112,"minecraft:walk_one_cm":22238,"minecraft:sneak_time":30,"minecraft:walk_under_water_one_cm":994,"minecraft:mob_kills":1,"minecraft:jump":69,"minecraft:damage_dealt":180,"minecraft:leave_game":1,"minecraft:time_since_death":6612,"minecraft:walk_on_water_one_cm":7387,"minecraft:total_world_time":6612,"minecraft:climb_one_cm":404,"minecraft:interact_with_crafting_table":2,"minecraft:fall_one_cm":687,"minecraft:fly_one_cm":4565}},"DataVersion":3465}