{"stats":{"minecraft:custom":{"minecraft:time_since_rest":308,"minecraft:crouch_one_cm":78,"minecraft:walk_one_cm":78774,"minecraft:play_time":18666,"minecraft:damage_taken":265,"minecraft:deaths":1,"minecraft:sneak_time":12,"minecraft:walk_under_water_one_cm":1622,"minecraft:jump":123,"minecraft:leave_game":1,"minecraft:time_since_death":283,"minecraft:walk_on_water_one_cm":1244,"minecraft:total_world_time":18666,"minecraft:climb_one_cm":800,"minecraft:fall_one_cm":4199,"minecraft:fly_one_cm":261},"minecraft:mined":{"minecraft:podzol":1,"minecraft:grass":5,"minecraft:grass_block":4,"minecraft:oak_log":1,"minecraft:dirt":3},"minecraft:killed_by":{"minecraft:witch":1},"minecraft:picked_up":{"minecraft:wheat_seeds":1,"minecraft:bamboo":14,"minecraft:dirt":8}},"DataVersion":3465}